"","Overlap with highly expressed genes","Overlap with lowly expressed genes","Pearson's correlation between mean and variance","Calinski-Harabasz index","Davies-Bouldin index","Average silhouette width","Adjusted Rand index","Average ROGUE score","Purity score","Runtime","hvgs","Average absolute rho for pairs of correlated HVG","Number of pairs of correlated HVG"
"M3Drop",0.0175,0,0.992979426756627,143.86889299264,12.3951741801252,-0.175677114837879,0.17395995115902,NA,0.659130355348497,1946.437,"Oxt, Pmch, Npvf, Bpifa1, Tff2, Gnrh1, Uts2, Avp, Spink5, Parpbp, Sult1c1, Reg3g, Ccl20, Cytl1, Ccl22, Upk3bl, Cxcl9, S100a9, Lhb, Hbb.bs, Cd8a, Gabrp, Krt16, Mmp3, Gm14264, Ifi202b, Cryba1, Hbb.bt, Fshb, Gm20442, Gsc, Gm15698, Gm37196, Hesx1, Crh, S100a8, Wfdc2, Crct1, Hba.a1, Gm10804, RP23.79E5.5, Gh, X4930527E20Rik, X1700101I19Rik, Cd3e, Gimap7, RP24.555M20.5, Gm13964, X4933440M02Rik, Slc13a2, Gm23402, Defa.rs1, Defa24, Olfr323, RP23.99A9.1, Wfdc5, Gm38031, Gm19557, Tfap2c, Gm5420, Gm34732, Gm26832, Ahsg, Slc22a29, Iglc2, Gm11840, Mlana, Serpinb3c, Scarna8, Gm26012, Gm16334, Gm11567, Gm37737, RP23.92N2.1, Slc28a1, Slc22a13, Gm24971, RP24.377L12.1, Gm15984, Klk6, Gnrhr, Btnl9, Duoxa2, Muc20, Hba.a2, Prl6a1, Cd3d, X1700030M09Rik, Sult1e1, Lrrc26, Lcn2, Arhgef39, Sprr1a, Vip, Gkn3, Spon2, Aox2, RP23.423A22.3, Mup6, Tnni2, Ccr2, Cd3g, AU040972, Klk7, R3hdml, Aox4, Lim2, Krt80, Rgs5, Cyp2g1, Ccl8, RP24.409P22.1, H2.Aa, Sdr16c5, Ces2g, Lypd2, Gm6209, Lipc, Qrfp, Cga, Ly6d, Hbb.y, Cd74, Tacr2, Il27, Slc5a1, RP23.181I1.4, Gm10521, Dnmt3aos, Gm36969, Gm27445, Tnfsf14, Rtp3, RP24.126A19.2, Gm15395, RP24.230L5.4, Skint3, Lelp1, Gm15342, Gm37884, Gm23138, Calcb, Slfn1, X4930455B14Rik, RP23.276C23.3, Gm4847, RP24.332C17.3, Tmprss4, Crp, RP23.348H21.2, Lce3a, Gm26640, RP23.15G1.3, Prm3, Ifitm5, RP23.423J10.2, RP24.560A18.2, Gm12786, Gm12511, Mir5135, Myod1, Actl10, Retnlg, Olfr461, Hoxd1, Gm37229, F7, Gm37518, Gm25464, H19, Igf2, Myrfl, Lce1h, Wfdc9, RP23.276J7.2, X5830415G21Rik, Gm28497, Slmapos2, Hyal6, Epcam, Pln, Cpxm2, Ms4a1, X4930511A02Rik, Nkx6.1, X4631405K08Rik, X1700013D24Rik, Adamdec1, Ghrh, P2rx2, Igkc, A730046J19Rik, Klra4, Hoxa5, Adamts13, Muc16, Gm27045, B230364G03Rik, F13a1, Fabp4, Gm38034, Plac8, Fgf21, Ms4a3, Gm11205, Tspan8, Anxa1, Tspan1, H2.Ab1, Folr1, Mgp, Cyp2f2, Gm37913, Nupr1, Mgl2, Gm13838, Lhx8, Gm37194, Slc22a1, Scnn1g, Spp1, Atp6v1b1, Slc26a7, H2.Eb1, Nts, Chad, Cyp2t4, Pbk, Myh11, Gp49a, RP24.87P2.3, Aqp1, Pf4, Cck, Slc22a6, Cyp2e1, Uts2b, Tshb, Ska1, Chga, Gpihbp1, Vtn, Gja3, Ccdc83, Tmprss9, Lcn11, Hoxa7, Tff3, Clca3a2, Cxcl2, Atp1b4, Dmrt2, Gm27747, Sult6b1, Spic, Gm26667, Cpz, Pih1d3, Slc4a1, Slc47a1, Abcg8, Gm29561, S100a5, Il2rb, X4930517O19Rik, Gm22973, Gm13264, Gm16564, Prap1, Trbc1, Klrb1b, Cpb1, Oas1f, Gm23857, Gm16350, Mageb3, Atp6v0d2, Lalba, Gm38293, Gm37578, Ppbp, Sell, Cyp2j13, Gm13837, A330069K06Rik, Gm25934, Etd, Btbd18, Patl2, Crtam, Il23r, RP24.199E1.1, Igf2os, Gm28086, X2310002L09Rik, Dkk1, Slc6a19os, Gm1305, Gm16322, Gm37812, Ccl11, Pdilt, Foxi2, Ces4a, Gm816, Npc1l1, Gm37046, RP24.89C11.1, Krt36, Gm9951, Ankrd63, Areg, Cyct, Aldh1a2, Plp1, X4930570D08Rik, Tnfrsf14, Apcs, Gm37837, Gm37393, Ms4a7, Krt18, Ccl5, Hmmr, Nkg7, Dcn, Inmt, Alas2, Cyp2a5, Olfr558, C030013C21Rik, Hsd17b3, Gcgr, Kcnj15, Ssu2, Agr2, Trappc3l, Gm13861, Ly6c1, Ces1d, Adam28, Cxcl10, Acta2, Il13ra2, X1700001P01Rik, Top2a, Ptgds, Tcap, Clec4n, Slamf7, Cort, Ccdc153, Ccl7, Ccl12, Cartpt, Esm1, Cyp26a1, Gm26613, Gm10371, Gm25188, Pde6b, Pomc, Spc25, F9, Gpr15, Peak1os, Orm2, Xirp2, Gm15540, Cep55, Pon1, X1700015G11Rik, Crhbp, Gm16136, Tpm2, Apoc3, Cd300lg, Apod, Cbr2, Gm37161, Mrc1, Atp6v0a4, Fam83a, Nkx2.9, Ppp1r14d, Higd1b, Slc6a20a, Ccl4, Aqp5, Bub1, Tacstd2, Ces1e, Clec4a1, Car4, Ly6a, Mmp12, Clec7a, X2610528J11Rik, Ccl19, Ms4a4a",0.112021398688941,5539
"M3Drop_Basic",0.1,0,0.992979426756627,572.586092840956,4.06709613150756,-0.11318994764838,0.30671521363713,NA,0.866717159947176,1943.302,"Pmch, Oxt, Avp, Bpifa1, Npvf, Hbb.bs, Tff2, Gnrh1, Plp1, Hbb.bt, Cga, Chga, Parpbp, Hba.a1, Hba.a2, Lhb, Ghrh, Ptgds, Wfdc2, Cartpt, Pomc, Uts2, Rgs5, Cck, Sst, Npy, Cxcl9, Mbp, Vip, Chgb, Epcam, Upk3bl, Gal, Spink5, Apod, Fshb, Mgp, Mag, Dcn, Ces1d, Ccdc153, Ly6c1, Dbi, Klk6, Sult1c1, Cd74, Gkn3, Cytl1, Nts, Hesx1, Anxa1, Mobp, Igf2, Apoc3, Ccl20, Gm15698, Mal, Cldn11, Reg3g, Agrp, H2.Aa, Cyp2f2, Ccl22, Tmem212, Crh, Cpxm2, Tshb, Cnp, Sprr1a, Ly6a, Lypd2, Btnl9, Tac2, Rarres2, Apoe, Trf, Qrfp, Ctss, Nupr1, mt.Rnr2, Krt18, Folr1, Nnat, Cdkn1c, H2.Ab1, S100a9, Cst3, Ermn, Crabp1, Acta2, Car2, H2.Eb1, Pltp, Igfbp5, Flt1, Lcn2, S100a8, Ces2g, Aox2, C1qb, Malat1, Cryab, Mog, Vtn, Ptprb, Car4, Spp1, Slco1a4, Igfbp7, Tspan2, P2rx2, Itm2a, Ccl12, Timeless, Tac1, Cryba1, Gsn, Myh11, Nmb, C1qc, Lyz2, Abcb1a, H19, Sult1e1, Opalin, C1qa, Inmt, Cldn5, Ctla2a, AU040972, Gabrp, Cd8a, Spon2, Igfbp2, Slc26a7, Slco1c1, Gnrhr, Tnni2, Trh, Cxcl10, Cxcl14, Enpp2, Sirt2, Ly6e, Mia, Pf4, Tpm2, Sept4, X6330403K07Rik, Adgrf5, Pln, Tspan1, Tm4sf1, Gm37196, Ccl4, Fth1, Bcas1, B2m, Mt1, Ak7, Cxcl12, Aldh1a2, Ugt8a, Fabp4, Sparc, Ccl8, Msx1, Top2a, Gsc, Gm20442, Pitx2, Tspan8, Lrrc26, Pbk, Krt16, Ifi202b, Gm14264, Mmp3, Cxcl2, Aebp1, Arhgef39, Stoml3, Prl6a1, Crct1, Hmgcs2, Ms4a7, Resp18, Ccl3, Pcsk1n, Scg2, S100b, Hexb, Pitx1, Edn1, Fn1, Pcp4l1, Sntn, Cyp2t4, Bsg, Tagln, Gm21984, Areg, Sparcl1, Icam2, Gata2, Mrc1, Crispld2, X1700030M09Rik, Sepp1, F13a1, Gpr17, Cd24a, Olig1, Nkx6.1, Figf, Hdc, Wfdc18, Scn7a, Lum, Mfap4, Ifitm3, Alas2, Adamdec1, Col6a5, Ly86, RP23.423A22.3, Cdhr4, Six1, Cbr2, Crhbp, Penk, Ccl5, Ptn, Tacstd2, Rbpms, X9430020K01Rik, Scpep1, Aqp4, Ascc1, Id3, Tyrobp, Cldn10, Hist1h4h, Ramp2, Myl9, Adgrl4, Etnppl, Efemp1, Grb14, Cldn3, Meg3, Clu, Gatm, Slc2a1, Higd1b, Col3a1, Fos, Agt, Olfr558, Itih5, Cx3cr1, Fxyd5, Thbs1, Hmmr, Esm1, Cd3d, Krt8, Vwf, Fcer1g, Fyn, X1700001C02Rik, Muc20, Duoxa2, Cldn9, Hbb.y, Sox17, Dynlrb2, Aqp1, Srgn, Cyp2a5, Ccdc33, Nfasc, Qdpr, Slc22a8, Tctex1d4, Aoc1, Mup6, Nudt4, Gm13861, Enpp6, Ly6d, Emcn, Csf1r, Gm10714, Esam, Apoa4, Spc25, Mt3, Scd2, Cyr61, Emb, Id1, Adam28, Nostrin, Tmem88b, Pllp, Plac8, Tmsb4x, Prok2, Kdr, Klf2, Trem2, Wfdc17, Cmtm5, X1110017D15Rik, Fa2h, Col1a2, Ube2c, Aif1, Prc1, Serpina3n, Snhg11, Dapl1, Gm38034, Iqca, Epas1, Agr3, Chad, Fbln5, Uts2b, Slc38a5, Gm15879, Qk, Lipc, Gm6209, Pdlim2, Tcap, Crip1, Vgf, Gm973, Gpihbp1, Grp, Clec7a, Lbp, Egr4, Gnas, Got1l1, Ifi27l2a, Gata3, Ctsd, Pglyrp1, Pecam1, Cyp2g1, Platr9, Adamts4, Prdx6, Bmx, Laptm5, Gjc2, Rn7sk, Iglc2, Gh, RP24.555M20.5, RP23.79E5.5, Tfap2c, Slc28a1, Gm5420, X4933440M02Rik, Slc22a29, Ahsg, Defa.rs1, Defa24, RP23.99A9.1, Gm11840, Gm23402, Slc13a2, Cd3e, Gimap7, RP23.92N2.1, Gm11567, Gm15984, Gm16334, Gm26832, Scarna8, Gm24971, Gm26012, Gm37737, Slc22a13, X4930527E20Rik, Gm10804, Mlana, X1700101I19Rik, Gm13964, Gm19557, Gm34732, Gm38031, Olfr323, Serpinb3c, Wfdc5, RP24.377L12.1",0.113601315900103,30718
"ROGUE",0.29,0,0.992979426756627,568.780763348994,4.34059108094023,-0.111211652492423,0.244959888165329,NA,0.864215486648438,21.096,"Plp1, Npy, Apoe, Agrp, Nnat, Pomc, Ptgds, Sst, Chga, Cartpt, Mbp, Dbi, Cga, Cst3, Avp, Hbb.bs, Scg2, Resp18, Mt1, Gal, Ptn, X6330403K07Rik, Chgb, Fos, Tac2, Cldn11, Snhg11, Mag, Mal, Mobp, Cnp, Pcsk1n, Ghrh, Sparc, Prdx6, Apod, Meg3, Crabp1, Cck, Ndn, S100a6, Mt2, Aldoc, Atp1b1, Sparcl1, Nap1l5, Dlk1, Ctss, Gap43, B2m, Igfbp5, Cryab, Hes1, Pcp4, Trf, Cyr61, Cited1, Pltp, Car2, Ermn, Pmch, Enpp2, Ahi1, Dcn, Rarres2, Ly6h, Tmsb4x, Tspan2, Egr1, Gsn, Uchl1, Stmn3, Ccdc153, Sirt2, Olig1, Ly6c1, Sox9, Bex2, Ces1d, Jun, Sepp1, C1qb, Scn7a, Mog, Sept4, Mia, Cd9, Mt3, Celf4, Gstm1, Syt1, Mlc1, Scd2, Rtn1, Serpina3n, Rgs2, Clu, Ntrk2, Gad2, Hba.a1, Gpm6b, Hbb.bt, Stmn2, Apoc3, Ttc3, Qk, Malat1, Caly, Gja1, Tmem212, Flt1, S100b, Hexb, Gng3, Mgp, Vim, Zwint, Anxa5, Tmem130, C1qc, Tac1, Penk, Fth1, Hba.a2, Calb1, Crym, Gpx3, Col23a1, Glul, Slc1a3, Junb, Ly6e, Serpine2, Itm2a, C1qa, Ttyh1, Vgf, Igfbp7, Timp3, Cdkn1c, Cldn10, Qdpr, Gnas, Bcas1, Zfp36l1, Rn7sk, Aplp1, Opalin, Ly6a, Tmem47, Dynlrb2, Slc1a2, Zcchc12, Nfkbia, Pllp, Gatm, Chchd10, Tmem35, Tsc22d4, Stmn4, Rgs5, Ugt8a, Atp1a2, Hist1h2bc, Oxt, Nudt4, Bsg, Asb4, Nrsn1, Fosb, Snap25, Tppp3, Dusp1, Tmem59l, Tm4sf1, S100a1, Thy1, Ifitm3, Slc17a6, Nrsn2, Pcp4l1, Zbtb20, Hs6st2, Tagln3, Sdc4, Cd24a, Slc2a1, Nenf, Epcam, Fxyd6, Vsnl1, Calm2, Calb2, Syt4, Otp, Plekhb1, Slco1a4, Fxyd1, Arhgap36, Anxa2, Grb14, Rab3a, Sox2, Nfasc, Ramp1, Fyn, Nefl, Bex1, Id3, Ctsd, Snrpn, Mgst1, Irs4, Rab3c, Thrsp, Ak7, Ngfrap1, Tuba1a, Vip, Fkbp3, Cxcl12, H2.D1, Crip1, X1500012F01Rik, Lmo4, Ndrg2, Cmtm5, Col25a1, Abcb1a, Slc16a2, Ecel1, Map7d2, Cfap126, H2.K1, Gpc3, Arhgap6, Gpr101, Ppap2b, Rps21, Lpar1, Nrxn3, Ifi27, Plcb4, Tubb2a, Slco1c1, Itih5, Rab3b, Rsph1, Rgcc, Gda, Nme1, Cnn3, Fam183b, Gm37376, Sat1, Xist, Nsg2, Tubb4a, Mllt11, Atp2b1, Pdyn, Aebp1, Cxcl14, Fabp7, Ndrg4, Gadd45g, Cacna2d1, Rit2, Cald1, Alcam, Ndrg1, Rpl14, S100a16, Rpl26, Foxj1, Btg2, Atp1a3, Gpr37l1, Dio2, Gm973, Cldn5, Pld3, Bin1, Nts, Adgrf5, Mest, Tcf4, Gria2, Tiparp, Impact, Ptprb, Ncald, Ezr, A730017C20Rik, Peg3, Peg10, Id4, Syt5, Gpr17, Prlr, Eno2, Pcbd1, X2900011O08Rik, Cx3cr1, Ywhab, Secisbp2l, Sgk1, Aqp4, Th, Rpl32, Enkur, Ascc1, Elavl4, Tyrobp, Marcks, Spint2, Pak3, Nfib, Gas5, Rpl37, Mns1, Acot7, Ywhah, Atpif1, Hlf, Kif21a, Tshb, Gaa, Csf1r, Pam, Nr4a1, Timeless, Riiad1, Ngb, Syn2, Hspa2, Rps14, Ccdc34, Fcer1g, Pbxip1, Cfap45, Ociad2, X1110017D15Rik, Pcsk2, Tmem176b, Ndufa5, Hsph1, Rps24, Prkar1b, Isl1, Nrgn, Gm1673, Rnase4, Mef2c, Spock3, Ly86, Gpr50, Cox17, Kcnq1ot1, Gnai1, Gm21984, Zfand6, Ap1s2, Wfdc2, App, Gabra1, X4933434E20Rik, Hspa1a, Slc4a4, Calml4, Rorb, Kif5c, Gad1, Ptprd, Gamt, Ccnd2, Nsg1, Tubb3, Hmgn5, Gng2, Fez1, Desi1, Ptprn, Lyz2, Nefm, Pcdh9, Tmem88b, Gjc3, Cyp2f2, Ier3, Fxyd7, X2010204K13Rik, Fa2h, Spock2, Slc44a1, Ddit4, Phyhipl, Slc32a1, Syne1, Pdgfra",0.166064445684412,72307
"ROGUE_n",0.2875,0,0.992979426756627,702.879133208831,4.19366360403407,-0.0795926987728455,0.331421874210098,NA,0.860201291523649,18.7819999999999,"Apoe, Nnat, Npy, Scg2, Dbi, Resp18, Snhg11, Ptn, Mt1, Fos, Agrp, Meg3, Plp1, Prdx6, X6330403K07Rik, S100a6, Atp1b1, Nap1l5, Ndn, Mt2, Sparc, Dlk1, Ahi1, Aldoc, Hes1, Cartpt, Gap43, Sst, Rtn1, Ttc3, Pcsk1n, Egr1, Sox9, Chgb, Mbp, Cyr61, Sparcl1, Ptgds, Pomc, Stmn3, Tmem130, Gpm6b, Jun, Syt1, Celf4, Cd9, Chga, Ntrk2, Gstm1, Pcp4, Ly6h, Mlc1, Caly, Vim, Bex2, Col23a1, Stmn2, Uchl1, Cnp, Gja1, Tac2, Ttyh1, Gad2, B2m, Gal, Igfbp5, Slc1a3, Mia, Cldn11, Zwint, Olig1, Cited1, Crabp1, Atp1a2, Anxa5, Mobp, Mal, Apod, S100a1, Sepp1, Serpine2, Zfp36l1, Timp3, Crym, Mag, Tmem47, Qk, Junb, Scn7a, Mt3, Gng3, Hist1h2bc, Tmsb4x, Pltp, Cryab, Tsc22d4, Rarres2, Sox2, Enpp2, Nfkbia, Snap25, Nrsn2, Dusp1, Scd2, Zcchc12, Calb1, Syt4, Gria2, Cga, Glul, Zbtb20, Ctss, Trf, Fosb, Slc1a2, Thrsp, Cldn10, S100b, Clu, Rgs2, Fxyd1, Gpx3, Ppap2b, Tmem59l, Penk, Nrxn3, Dynlrb2, Gsn, Mgst1, Ndrg2, Impact, Ramp1, Slc16a2, Car2, Anxa2, Peg3, C1qb, Cck, Tmem35, Pllp, Tcf4, Ermn, Ifi27, Alcam, Sdc4, Slc17a6, Nrsn1, Gpc3, Xist, S100a16, Rab3c, Col25a1, Map1b, Fxyd6, Ghrh, Fabp7, Sirt2, Nfib, Hs6st2, Tspan2, Rgcc, Hexb, Gaa, Vgf, Tiparp, Sept4, Calm2, Cnn3, Gatm, Ifitm3, Aplp1, C1qc, Id4, Ptprz1, Avp, Serpina3n, Lmo4, Stmn4, Gpm6a, Gm37376, Pnmal2, Vsnl1, C1qa, Mog, Thy1, Sat1, Dio2, Nsg2, Cfap126, Gpr37l1, Ly6e, Tac1, Bcan, Asb4, H2.K1, Bcas1, Ncald, Syt5, Gpr50, Zfand6, Gpr101, Marcks, Pld3, Ccdc153, Dcn, Rab3a, Flt1, Igfbp7, Id3, Rn7sk, Ly6c1, Gprasp1, Arhgap36, Cd200, Ccnd2, Tppp3, Plekhb1, Tagln3, Btg2, Dner, Atp1a3, Cpe, Kcnq1ot1, Six3, H2.D1, Pdgfra, Nudt4, Rax, Map7d2, Gda, Lhfpl3, Chchd10, Tmem212, Mdk, Tuba1a, App, Nkain4, Pam, Ndrg4, Hexim1, Lpar1, mt.Nd5, Hspa2, Nsg1, Atp2b1, Vcan, Itm2a, Hepacam, Cdkn1c, Tubb2a, Pcsk2, Gsta4, Calb2, Rab3b, Cacna2d1, Tmx4, Gadd45g, Nefl, Fkbp3, Gabra1, Ildr2, Scg5, S100a13, Cd63, Ccnd1, Crip1, Ces1d, Mest, Lsamp, Ecel1, Peg10, Ugt8a, Cspg5, Ier2, A730017C20Rik, Pcp4l1, Gad1, Tm4sf1, Bex1, Gabrb1, Mgp, Arhgap6, Ddit4, Lman1, Spock3, Rnase4, Rps14, Eno2, Spon1, Snrpn, Frzb, Ccdc34, Mns1, Prlr, Cfap45, Cntn1, Opalin, Pak3, Scg3, Sorbs2, Mef2c, Pgrmc1, Plcb4, Myo10, Cald1, Ly6a, Rit2, Hap1, Enkur, Ap1s2, Tagln2, Cx3cr1, Slc2a1, Pcdh17, mt.Rnr1, Scrg1, Cmtm5, Itih5, Pdyn, Csf1r, Tyrobp, Rsph1, Mllt11, Klf6, Ybx1, Foxj1, Maf, Irs4, Cacng4, Cd24a, Fzd5, Tmem176b, Arhgap5, Nfix, Kif21a, Nes, Hlf, X2900011O08Rik, Gpr17, Atp1b2, Nr4a1, Ptprn, Rorb, Slc32a1, Ndrg1, Apoc3, Qdpr, Fcer1g, Ier3, Fam183b, Gng2, Pla2g16, Scn2a1, Myl12a, Gadd45b, Ak7, Mid1ip1, Slc4a4, Olig2, Ezr, Nfia, Spock2, Cmip, Fbxo2, Sgk1, Hmgn5, Ngfrap1, Msi2, Nenf, Pcdh9, Ntm, Deptor, Syn2, Ccdc39, Cxcl12, Hsph1, Slit2, Cdh13, Tnr, Gng11, Elavl4, Ly86, Pcdh7, Tsc22d3, Ppp1r15a, Ednrb, Slco1a4, Gpx1, Camk2b, Rora, Sox4, Ctnna1, Grb14, Tgfb2, Laptm5, Chd3os, Riiad1, Rasgrf1, Fndc3c1, Pbxip1",0.182162701568149,75161
"Seurat_vst",0.12,0,0.992979426756627,593.381580692421,5.03888304098866,-0.104065158415676,0.166692473313297,NA,0.869819846025559,24.7190000000001,"Plp1, Npy, Apoe, Dcn, Cga, Ctss, Agrp, Sst, Nnat, Hba.a1, Cxcl9, Hbb.bt, Hba.a2, Tac2, C1qb, Vip, Ptgds, Cldn11, Mal, Pomc, C1qc, Ly6c1, Hbb.bs, C1qa, Mobp, Cck, Dbi, Mgp, Apod, Mbp, Cartpt, Fshb, Mag, Rgs5, Ghrh, Gal, Ermn, Avp, Ptn, Npvf, Mt1, Fos, Crabp1, Slco1a4, Igf2, Scg2, Olig1, Cx3cr1, Inmt, Sprr1a, Tff2, Ccdc153, Qrfp, Mog, Csf1r, Ly6a, Abcb1a, Mfap4, Tyrobp, Car2, Igfbp7, Ces1d, Prdx6, Fcer1g, Ly86, S100a6, Flt1, Cldn5, Scn7a, Slco1c1, Trf, Sparc, Tac1, Gkn3, Cnp, Cyp2f2, Cd74, Resp18, Cyr61, Pf4, Lum, Snhg11, Laptm5, Apoc3, Lyz2, Tmem212, Spp1, Hes1, Ccl12, Trem2, Aif1, Col3a1, Mt2, Siglech, Vtn, Pdgfra, Adgrf5, Wfdc2, Fcrls, Opalin, Cryab, P2ry12, Ccl4, Ptprb, Cst3, Myh11, Car4, Cxcl12, Aldoc, Crispld2, H2.Aa, Nts, Bcas1, Pltp, Parpbp, Ctla2a, Ccl3, H19, Bpifa1, Gpr17, Sepp1, Tshb, Chga, Selplg, Crym, Sox9, Gsn, Ly6d, Dlk1, Mrc1, Sparcl1, X6330403K07Rik, Fabp7, Spon2, Ms4a7, F13a1, Igfbp5, Hexb, Pln, Ugt8a, Agt, Epcam, Cxcl2, Col1a2, Pllp, Sept4, Itih5, Acta2, Crh, Enpp2, Serpine2, Rarres2, Adgrl4, Cldn10, Pbk, Mpeg1, Fcgr3, Ccl22, Meg3, Cd52, Egr1, Btnl9, Ccl5, Gnrh1, Cbr2, Mlc1, Gm21984, S100b, S100a9, Itgam, Col1a1, Itm2a, Ndn, Gatm, Cfh, Mia, Penk, Tspan2, Trh, Tm4sf1, Col23a1, Efemp1, B2m, Pcp4l1, Gja1, Igfbp2, Lhb, Scrg1, S100a8, Ccl8, Top2a, Olfr558, Cd9, Chgb, Itih2, Cilp, Slc1a2, Olig2, Atp1a2, Fndc3c1, X3110035E14Rik, Slc1a3, X9430020K01Rik, Nupr1, Gstm1, Gpm6b, Enpp6, Vim, Tagln, Bgn, Id3, Jun, C1ql1, Syt1, Higd1b, Timeless, Slc22a6, Atp1b1, Srgn, Esam, Il33, Ogn, Ctgf, Nms, Gap43, Dio2, Slc6a13, Plac8, Klk6, Tmem119, Xist, Olfml3, Wfdc17, Lypd2, Prok2, H2.Ab1, Thbd, Ms4a1, Col25a1, Gpihbp1, Ntrk2, Ifitm3, Cd3d, Cxcl14, Tmem100, Pmch, Tcf21, Epas1, Cdkn1c, Fn1, Clec7a, Kcnj8, Cxcl10, X1700030M09Rik, Gpr37l1, Zfp36l1, Gpr34, Emcn, Il1b, Esm1, Gad2, Pecam1, Gm38251, Ube2c, Gjc3, Cemip, Atp1b4, Nap1l5, Cspg4, Ednrb, Edn1, Ramp2, Pcp4, Ttyh1, Ltc4s, Dynlrb2, Gm15698, Hmmr, Qk, Thrsp, Mki67, Lims2, Ms4a6c, Cd53, Gnrhr, Nostrin, S100a1, Timp3, Bmp4, Ramp1, Cmtm5, Enam, Clec4a1, Slc17a6, Adh1, Th, Dpep1, Ifitm1, Cpz, Neu4, Evi2a, Angptl1, Rgs16, Pcsk1n, X2810417H13Rik, Gm29017, Igkc, Ccl7, Dusp1, Gm11831, Tpm2, Rgcc, Fxyd1, Grb14, Cd163, Cited1, Tmem88b, Aqp1, Kdr, Cybb, Fyb, Junb, Aspn, Fosb, Serpina3n, Serpinb5, Ak7, RP24.411A22.2, Cd34, Atp6v0a4, Ahi1, Pld4, Fa2h, C6, Pcolce, Gm27747, Omd, RP24.465E5.1, Krt13, Vgf, Vcan, Mgl2, Nfkbia, Fmod, Ifi27l2a, Cd24a, Col15a1, Aspa, Krt80, Aebp1, Lhfpl3, Hist1h2bc, Crhbp, Alas2, Map3k7cl, AU040972, Bin2, Mgst1, Gm15839, Nkg7, Htra3, Grp, Aqp4, C130074G19Rik, Anxa5, Sult6b1, Clec4n, Gpr101, Steap4, Kitl, Cyp26a1, H2.Eb1, Serpini2, Pdyn, Sox2, Ppp1r14a, RP23.153H17.6, Tmem130, Ccr7, A130048G24Rik, S100a16, Calb1, Slc22a8, Sirt2, RP23.304A10.3, Cryba1, Id1, Uts2, Fcgr2b, Zic1, Gjb2, Cyth4, Arhgef39, Sntn, AF251705, Ppap2b, Slc16a2, Hpgds, Edn3, Tek",0.125002757673021,43370
"Seurat_sct",0.0775,0,0.992979426756627,556.983690705284,6.47657094514798,-0.153468083358292,0.133363494377029,NA,0.857563945934415,82.9749999999999,"Plp1, Ctss, Dcn, Cxcl9, Cga, C1qb, Hbb.bt, Hba.a1, Hba.a2, Cldn11, Mal, C1qc, Vip, C1qa, Npy, Ptgds, Mobp, Apod, Apoe, Tac2, Fshb, Agrp, Mgp, Ly6c1, Ermn, Mag, Sst, Cck, Hbb.bs, Mbp, Rgs5, Inmt, Sprr1a, Cx3cr1, Igf2, Mog, Csf1r, Pomc, Tyrobp, Qrfp, Mfap4, Car2, Pf4, Fcer1g, Avp, Ly86, Olig1, Slco1a4, Npvf, Spp1, Igfbp7, Nnat, Ghrh, Trf, F13a1, Gal, Gkn3, Lum, Laptm5, Ly6a, Abcb1a, Dbi, Cartpt, Ces1d, Cyp2f2, Trem2, Pln, Aif1, Spon2, Vtn, Col3a1, Siglech, Crabp1, Opalin, Lyz2, Cd74, Ccdc153, Ccl12, Fcrls, Ccl4, Cldn5, H19, Cnp, Flt1, Myh11, S100a6, Slco1c1, H2.Aa, P2ry12, Fos, Cryab, Ms4a7, Mt1, Scn7a, Mrc1, Wfdc2, Cyr61, Ccl5, Pdgfra, Cxcl2, Ptn, Apoc3, Btnl9, Tac1, Tmem212, Sparc, Parpbp, Adgrf5, Ccl3, Cbr2, Hes1, Crispld2, Slc6a13, Prdx6, Plac8, Selplg, Ugt8a, Tff2, Ccl8, Sepp1, Car4, Pbk, Olfr558, Bcas1, Cxcl12, Ptprb, Sept4, Mt2, Itih2, Gsn, Hexb, Slc22a6, Mpeg1, Tshb, Pllp, Cilp, Fcgr3, Dpep1, Crh, Col1a2, Itih5, Crym, Cd52, Ctla2a, Enpp2, Gm21984, Clec4a1, Agt, Bpifa1, Tcf21, Fabp7, Pltp, Cd163, Gpr17, Gatm, Clec7a, Itgam, Nts, Adgrl4, Cfh, Col1a1, Klk6, Steap4, Gnrh1, Omd, Kcnj8, Sox9, Gpihbp1, Epcam, Msr1, Lhb, Wfdc17, Tspan2, Cldn10, Higd1b, Acta2, Top2a, Igfbp5, Il7r, Ccl7, Rarres2, Il1b, Serpine2, Bmp5, Efemp1, Lilrb4, Map3k7cl, Ogn, Mlc1, Tfap2b, S100b, Scg2, Arg1, Ms4a6c, Clec12a, Alas2, Adh1, Scrg1, Sparcl1, Igfbp2, Aldoc, Ccr1, Aspn, Aqp1, Mki67, Tm4sf1, Lypd2, Col23a1, Nupr1, Ly6d, Itm2a, Alx3, Ccl11, Lilra5, Esm1, Mia, Gja1, Tagln, Olfml3, Bgn, Cybb, Ifitm1, Tmem119, Slc1a2, Penk, Atp1a2, Gm15698, Pcp4l1, Il33, Olig2, Clec4n, X1600010M07Rik, Id3, Ube2c, Cd79b, Slamf7, Nms, B2m, Egr1, Gpr34, Slc1a3, X3830403N18Rik, Evi2a, Hmmr, Prok2, Thbd, X3110035E14Rik, Trh, Cd9, Cmtm5, Enpp6, X9430020K01Rik, Cemip, Fndc3c1, Gm13861, Dio2, Srgn, X2810417H13Rik, Slamf8, Ltc4s, Cxcl14, Cxcl10, Tmem100, Slc6a20a, Col15a1, H2.Ab1, Edn1, Ptgfr, Ifitm3, Fmod, Cd53, Gjc3, Angptl1, Gjb2, C1ql1, Chga, Xist, Ccl22, Timeless, Cdkn1c, Emcn, AI607873, Vim, Grb14, Tnf, Padi4, Ednrb, Tmem88b, Tbx18, Ms4a6b, Fam180a, Gpr37l1, Esam, Pcolce, Gpm6b, Ctgf, Fa2h, Aspa, Ccl9, Col25a1, Pecam1, Cd300lg, Ccr5, Fyb, Ccl24, Bmp4, Pld4, Bin2, Zfp36l1, Epas1, Nostrin, Tspan8, X1810011H11Rik, Resp18, Qk, Itgax, Scara5, Thrsp, Fn1, Arl11, Abcc9, Ccnb1, C5ar2, Ramp2, Aldh1a2, Dynlrb2, C5ar1, Dlk1, Tlr12, AU040972, Mir142hg, Ramp1, Htra3, Gstm1, Mrgprf, Foxc2, Cd14, Serpinb8, Gp9, Mfap5, Tpm2, Lama2, Pyhin1, Ms4a4d, Fxyd1, Crhbp, Plbd1, Cspg4, Nkg7, P2ry13, Snhg11, AF251705, Havcr2, Enpep, RP23.387F14.2, Ppp1r14a, Bub1, Bcl2a1b, Il1a, Csf2rb2, Pdlim2, Pmch, S100a1, Gm20646, AI849053, Mrvi1, Gm6583, Rgs1, Mnda, Treml2, Ms4a4c, Slc22a8, Siglecf, Fcgr2b, Lims2, Cyth4, Rgs16, Themis2, AI662270, Fcgr1, Osr1, Cd34, Ptafr, Adam28, Timp3, Plxna4os1, Ptgs2, Folr2, Ttyh1, Hpgds, Vcan, H2.Ob, Gm17112, Pglyrp1, Neu4, Ccl6, C3ar1, C6, Robo3, Des",0.120901974447043,39230
"Seurat_disp",0.2075,0,0.992979426756627,521.306234388815,4.1744314255452,-0.102217303868635,0.286649160635729,NA,0.864467585859173,22.6849999999999,"Pmch, Oxt, Hbb.bs, Plp1, Cga, Wfdc2, Avp, Tff2, Npvf, Bpifa1, Ptgds, Chga, Pomc, Hbb.bt, Mgp, mt.Rnr2, Npy, Cst3, Gnrh1, Apod, Sst, Dcn, Lhb, Apoe, Hba.a1, Cd74, Cartpt, Mbp, Nnat, Rgs5, Chgb, Gsn, Hba.a2, Vip, X6330403K07Rik, Ghrh, Igf2, H2.Ab1, Malat1, Agrp, H2.Aa, H2.Eb1, Cck, Gal, Acta2, Ctss, Vtn, Dbi, Cxcl9, Fshb, Tac2, Scg2, Sprr1a, Spink5, Tmsb4x, Ptn, Igfbp5, Mag, Lyz2, Mal, Cxcl10, Qrfp, Fth1, Bsg, Uts2, Tac1, Meg3, C1qb, Fos, Igfbp2, Ly6c1, Mobp, B2m, Hexb, Myh11, Parpbp, Sparcl1, Cldn11, Inmt, C1qc, Cnp, Ccl22, Myl9, Crispld2, Ccl20, Apoc3, Sparc, Mt1, Ces1d, C1qa, Crh, Ctsd, Igfbp7, Tpm2, Spp1, Nts, Cxcl12, Flt1, Cdkn1c, Cyr61, Car2, Col1a2, Crabp1, Snhg11, Resp18, Itih5, Agt, Itm2a, Ccl4, Sepp1, Trf, Ccl12, Rn7sk, Tagln, Penk, Crip1, Sirt2, Ly6a, Gkn3, Prdx6, Cryab, Cxcl2, Timp3, Gnrhr, Mfap4, Bcas1, Aldoc, Olig1, Ermn, Atp1a2, Col3a1, mt.Cytb, Pf4, Cx3cr1, Scn7a, Lypd2, Pcsk1n, Tspan2, Slc1a2, Tuba1a, Pln, Ccl3, Gnas, Slco1a4, Btnl9, Cyp2f2, Apold1, Tshb, F13a1, Lum, S100a8, Fyn, Esm1, Pltp, Igfbp3, Csf1r, Abcb1a, Anxa1, S100a6, Ccdc153, Serpine2, Ly86, Actb, Gpr17, Enpp2, mt.Nd1, Spon2, Cfh, Epcam, Fabp7, Dlk1, Ly6e, Tyrobp, Mog, Slc1a3, Slco1c1, Mt2, Hes1, Fcer1g, Rarres2, Nap1l5, Cldn10, Trh, Ctla2a, Efemp1, Ttc3, Jun, AU040972, Gm38299, Cd9, Atp1b1, Ogn, Fabp4, Cald1, Cpe, Sept4, Kcnj8, S100a9, Ms4a7, Egr1, Adgrf5, H19, Nupr1, Tmem212, Siglech, Marcks, Laptm5, P2ry12, Top2a, Cldn5, Aif1, Ccl8, Mrc1, Crym, Thbd, Trem2, Ntrk2, Ahi1, Prok2, Scd2, Qdpr, Ccl5, Cd8a, Aqp1, Pdgfra, Car4, Fcrls, Glul, Id3, Selplg, Krt17, Clu, Higd1b, Ptprb, Slc4a4, Klk6, Col1a1, Rtn1, Opalin, Angptl1, Rpph1, Sox9, mt.Nd5, Ppap2b, Nfkbia, Ifitm3, Ctgf, Gfod2, Rbp4, Gm15698, Mest, Ndn, Syt1, Itih3, Cxcl14, Mylk, Ube2c, mt.Rnr1, Itih2, Wfdc17, Grp, Gatm, Hsp90ab1, Il33, Slc2a1, Lgmn, Cilp, Slc6a20a, Gjb2, Ednrb, Postn, Prc1, Wfdc18, S100b, Areg, Mt3, Map1b, Nfasc, Calm1, Ugt8a, Cbr2, Cd81, Gap43, Mia, Olfr558, Cd52, Itgam, App, Rgs16, Gpm6b, Serpina3n, Fmod, Ndrg2, Gad2, Ntsr2, Edn1, Cspg5, Adgrl4, Dio2, Eln, H2.D1, Aqp4, Tm4sf1, Itm2b, Ms4a6c, Hspa5, Mlc1, Timeless, Hmmr, Ptprz1, Pcp4, Arhgef39, Vgf, Colec12, mt.Nd2, Rplp1, Il1b, Tpm1, Gstm1, Lims2, Sec14l3, Slc6a11, Ccl2, Lhfpl3, Gm21984, Pllp, Bgn, Aoc1, Gja1, Sat1, Mpeg1, Filip1l, Fcgr3, Qk, Ckb, X3110035E14Rik, Junb, Aldh1a2, Nms, Pcp4l1, Kdr, Plau, Hrct1, Nkg7, Grb14, Tnr, BC028528, mt.Nd4, Ifitm1, Enpp6, Col25a1, Lgals1, Olfml3, Sept7, Rgcc, Ctsb, S100a16, Crhbp, Vim, Ifi27l2a, Cemip, Zbtb20, Emcn, Prss56, Col4a1, Rgs10, Gpr37l1, Fn1, Hdc, S100g, Tgfb2, Maf, Ttyh1, Pdyn, Hsp90b1, Pbk, Clec7a, Pla2g7, Bex2, Esam, Thrsp, Col23a1, Olig2, Ccnd1, Slc6a13, Htra3, Gem, Ly6h, Tff3, Fndc3c1, Fxyd1, Arl6ip1, Epas1, X2810417H13Rik, Lmod1, Dusp1, Tmprss9, Scrg1, Gadd45g, Zfp36l1",0.11401020178781,51487
"SCHS",0.2575,0,0.992979426756627,608.008410635436,4.02071669170833,-0.116680455922922,0.306526990721013,NA,0.859852231078015,52.49,"Cldn11, Mog, Ermn, Mal, Plp1, Mobp, Mag, Opalin, Ugt8a, Apoe, Trf, Fa2h, Car2, Cryab, Apod, Tmem88b, Dbi, Mbp, Cnp, Ly6a, Ly6c1, Mt1, Gatm, Pllp, Cst3, Evi2a, Cldn5, Aspa, Abcb1a, Resp18, Nnat, Gm21984, Sept4, Ppp1r14a, Scg2, Slco1a4, Sst, Ptgds, Sparc, Prdx6, Adgrf5, Pdlim2, Mt2, Snhg11, Bcas1, S100a6, Ahi1, Enpp2, Ptn, Ttc3, Atp1b1, Rtn1, Olig1, Srgn, Tspan2, Adgrl4, Nap1l5, Slco1c1, Ptprb, Npy, Cd34, Gjc3, Hes1, Tmem130, Igfbp7, Mlc1, Agrp, Cd9, Sox9, X6330403K07Rik, Stmn3, Cmtm5, Cga, Malat1, Tmem212, Gja1, Gap43, X9430020K01Rik, X1700047M11Rik, Ccdc153, Gpm6b, Tmem125, Qk, Pecam1, Tm4sf1, Pltp, Gstm1, Car14, Meg3, Grb14, Celf4, Adamts4, Vim, Enpp6, Fos, Fth1, Aldoc, Col23a1, Caly, Ntrk2, Kcna1, Ces1d, Slc1a3, C1qa, C1qc, Zwint, Bex2, Gjc2, Gjb1, Tek, C1qb, Sepp1, Ctss, Tyrobp, Chgb, Trem2, Fcer1g, Uchl1, C130074G19Rik, S100b, Rarres2, Eng, Acvrl1, Tmem204, Nkx6.2, Esam, Erg, S100a1, Cx3cr1, Ly86, Nostrin, Laptm5, Csf1r, Anxa5, Ly6h, Ttyh1, Pitx1, Hist1h2bc, Anxa3, Cdh5, Aif1, Gpr17, Car4, Emcn, Pcp4l1, Tsc22d4, Epcam, Dlk1, Fcrls, Stmn2, Fcgr3, Gata2, Cd93, Epas1, Zfp36l1, Dynlrb2, Nrsn2, Siglech, Slc44a1, Calm2, Fn1, Flt1, Rhog, Mpeg1, Scd2, Tshb, Sparcl1, Efhd1, Mgst1, Cyr61, Ramp2, Zcchc12, Cxcl12, Snap25, Sdc4, Syt1, Pcsk1n, Fxyd1, Atp1a2, mt.Rnr2, Tac2, Mia, Olig2, Anxa2, Tmem47, Scrg1, Cfh, Tnfaip6, Slc22a8, Tmem59l, Cck, Gaa, Gnas, Ctla2a, Ttyh2, Gng3, Cldn7, Timp3, Gal, Litaf, P2ry12, Sox10, mt.Nd1, Ramp1, Mt3, Impact, Gltp, Egr1, Stoml3, Cnn3, Selplg, Ndrg2, Timeless, Galnt6, Cartpt, Gpr37l1, Tinagl1, Pglyrp1, Sox2, Elovl7, Prom1, S1pr5, Cfap126, Bfsp2, Clic4, Cldn9, Cd52, Gpr37, Aplp1, Gria2, Arpc1b, Sntn, Sirt2, Apoc3, Peg3, Grap, Serpine2, Cd53, Myrf, Zeb2, Ets1, RP23.240E15.3, Chga, Glul, Jun, Pnmal2, Six1, Slc16a2, Wfdc1, Syt4, Lgals9, Pdgfra, Scn7a, Gpm6a, Il33, Aqp4, Slfn5, Pld3, Anln, Cldn10, Cdhr4, Mgp, Bmp4, Lpar1, Ifitm3, Lims2, Ak7, Olfml3, Dusp1, Hspa2, Itgam, Itih5, B2m, Thrsp, Pld4, Crym, Tie1, Fxyd6, Cited1, Rab3a, App, Kdr, Hepacam, Pcp4, Sox17, Ghrh, Gpr50, Hapln2, Nsg2, Tmem119, Fam216b, Ppap2b, Otp, Rnase4, Atp1a3, Gprasp1, Gad2, Icam2, Arhgap29, Ndrg4, Rasgrp3, Thbd, Serpina3n, Pla2g16, Cyyr1, Nsg1, Gpx3, S100a16, Figf, Aebp1, Clu, Neu4, Kcnj10, Gpr34, Abcg2, Sp100, Cd200, Tmx4, Nkain4, Pitx2, Id1, Tctex1d4, Lgi3, Desi1, Slc2a1, Syt5, Tmsb4x, Nrsn1, BC028528, Junb, Fndc3c1, Rax, Kitl, Pomc, Id3, Fxyd5, Scg5, Itm2a, Nfib, AF251705, Tagln3, Tnni1, Stmn4, Gsn, Nfkbia, X3110035E14Rik, Gamt, Tiparp, Fabp7, Ppp1r16b, Sytl2, Itm2c, Prr5l, Mdk, Cpe, Qdpr, Igfbp5, Sgk1, Slc1a2, Foxj1, mt.Cytb, Nrxn3, Plekhb1, Crabp1, Tecr, C1ql1, Cd24a, Ushbp1, Arhgdib, Clic5, Eno2, Lyz2, A730017C20Rik, Calml4, Ltc4s, Tmem100, Cyth4, Mmrn2, Map1b, Sema7a, Gal3st1, Hap1, Col25a1, Zcchc18, Plekhh1, Slc12a2, Chn2, Dio2, Zbtb20, Sdpr, Odf3b, Tmem63a, Arsg, Csrp1, Mllt11, Tubb4a, Bcan, Spag17, Enkur, Cdc42ep2",0.172966447086312,69279
"scmap",0.3525,0,0.992979426756627,654.170999298829,3.48171709904825,-0.103294790002839,0.227755440288452,NA,0.867686698857797,9.18299999999999,"X1500012F01Rik, X2210016L21Rik, X2900011O08Rik, X6330403K07Rik, A730017C20Rik, Acot7, Agrp, Ahi1, Ak7, Alcam, Aldoc, Anxa2, Anxa5, Ap1s2, Aplp1, Apod, Apoe, App, Arhgap36, Arhgap5, Arhgap6, Asb4, Atp1a2, Atp1a3, Atp1b1, Atp1b2, Atp2b1, Atpif1, Atrx, Avp, B2m, Bcan, Bcas1, Bex1, Bex2, Btg2, C1qa, C1qb, C1qc, Cacna2d1, Calb1, Calb2, Cald1, Calm2, Caly, Camk2b, Camta1, Car2, Cartpt, Ccdc153, Ccdc34, Cck, Ccnd1, Ccnd2, Cd200, Cd24a, Cd63, Cd9, Cdh13, Cdkn1c, Celf4, Cfap126, Cfap45, Cga, Chchd10, Chd3os, Chga, Chgb, Cited1, Cldn10, Cldn11, Clu, Cmip, Cmtm5, Cnn3, Cnp, Cntn1, Col23a1, Col25a1, Cox7b, Cpe, Crabp1, Crip1, Cryab, Crym, Cst3, Ctss, Cyr61, Dbi, Dcn, Ddit4, Dio2, Dlk1, Dner, Dnm3, Dusp1, Dynlrb2, Ecel1, Egr1, Elavl4, Enkur, Eno2, Enpp2, Ermn, Fabp7, Faim2, Fam183b, Fkbp3, Flt1, Fos, Fosb, Foxj1, Frzb, Fxyd1, Fxyd6, Fzd5, Gaa, Gabra1, Gabrb1, Gad1, Gad2, Gadd45b, Gadd45g, Gal, Gap43, Gas5, Gatm, Gda, Ghrh, Gja1, Glul, Gm1673, Gm37376, Gnai1, Gnao1, Gng11, Gng2, Gng3, Gpc3, Gpm6a, Gpm6b, Gpr101, Gpr37l1, Gpr50, Gprasp1, Gprasp2, Gpx3, Gria2, Gsn, Gsta4, Gstm1, H2.D1, H2.K1, Hap1, Hepacam, Hes1, Hexb, Hexim1, Hist1h2bc, Hlf, Hs6st2, Hspa2, Hsph1, Id3, Id4, Ier2, Ier3, Ifi27, Ifitm3, Igfbp5, Igfbp7, Ildr2, Impact, Irs4, Itm2a, Jun, Junb, Kcnq1ot1, Kif21a, Kif5c, Klf6, Lhfpl3, Lman1, Lmo4, Lpar1, Lsamp, Ly6c1, Ly6e, Ly6h, Maf, Mag, Mal, Map1b, Map7d2, Mapt, Marcks, Mbp, Mdk, Mef2c, Meg3, Mest, Mgst1, Mia, Mlc1, Mllt11, Mns1, Mobp, Mog, Msi2, Mt1, Mt2, Mt3, Myo10, Nap1l5, Ncald, Ncam1, Ndn, Ndrg2, Ndrg4, Ndufa5, Nefl, Nenf, Nes, Nfia, Nfib, Nfix, Nfkbia, Ngfrap1, Nkain4, Nme1, Nnat, Npy, Nr4a1, Nrsn1, Nrsn2, Nrxn1, Nrxn3, Nsg1, Nsg2, Ntm, Ntrk2, Nudt4, Olig1, Opalin, Otp, Pak3, Pam, Pcdh17, Pcdh9, Pcp4, Pcp4l1, Pcsk1n, Pcsk2, Pdgfra, Pdyn, Peg10, Peg3, Penk, Pgrmc1, Pla2g16, Plcb4, Pld3, Plekhb1, Pllp, Plp1, Pltp, Pnmal2, Pomc, Ppap2b, Ppp1r9a, Prdx6, Prkar1b, Prlr, Ptgds, Ptn, Ptprn, Ptprz1, Qk, Rab3a, Rab3b, Rab3c, Ramp1, Rarres2, Rasgrf1, Rax, Resp18, Rgcc, Rgs2, Rit2, Rn7sk, Rnase4, Rorb, Rpl14, Rpl22l1, Rpl26, Rpl32, Rps14, Rps21, Rps24, Rsph1, Rtn1, Rufy3, S100a1, S100a13, S100a16, S100a6, S100b, Sat1, Scd2, Scg2, Scg3, Scg5, Scn2a1, Scn7a, Scrg1, Sdc4, Sepp1, Sept4, Serpina3n, Serpine2, Sirt2, Six3, Slc16a2, Slc17a6, Slc1a2, Slc1a3, Slc2a1, Slc32a1, Slc4a4, Slit2, Snap25, Snhg11, Snrpn, Sorbs2, Sox2, Sox9, Sparc, Sparcl1, Spock2, Spock3, Spon1, Sst, Stmn2, Stmn3, Stmn4, Sub1, Sv2a, Syn2, Syp, Syt1, Syt11, Syt4, Syt5, Tac1, Tac2, Tagln2, Tagln3, Tcf4, Tecr, Thrsp, Thy1, Timp3, Tiparp, Tm4sf1, Tmem130, Tmem176b, Tmem212, Tmem35, Tmem47, Tmem59l, Tmsb4x, Tmx4, Tppp3, Trf, Tro, Tsc22d4, Tspan13, Tspan2, Tspan7, Ttc3, Ttyh1, Tuba1a, Tubb2a, Uchl1, Ugt8a, Vcan, Vgf, Vim, Vsnl1, Xist, Ybx1, Ywhab, Ywhag, Ywhah, Zbtb20, Zcchc12, Zcchc18, Zfand6, Zfp36l1, Zwint",0.192325597480322,75748
"SIEVE_ROGUE",0.301104972375691,0,0.992979426756627,807.070622197912,3.29085158945396,-0.0846407099494346,0.258286055906204,NA,0.84821688289022,1365.388,"A730017C20Rik, Add3, Agrp, Ahi1, Alcam, Aldoc, Antxr1, Anxa2, Anxa5, Ap1s2, Aplp1, Apod, Apoe, App, Arhgap36, Arhgap5, Arhgap6, Asb4, Atp1a2, Atp1a3, Atp1b1, Atp1b2, Atp2b1, Atp6v0e, Atrx, B2m, Bcan, Bcas1, Bex1, Bex2, Btg2, C1qb, Cacna2d1, Calb1, Calb2, Cald1, Calm2, Caly, Car2, Cartpt, Ccdc34, Ccdc39, Cck, Ccnd1, Ccnd2, Cd200, Cd63, Cd9, Cdkn1c, Celf4, Cfap126, Cfap45, Chchd10, Chga, Chgb, Chpt1, Cited1, Cldn10, Cldn11, Clu, Cmip, Cmtm5, Cnn3, Cnp, Cntn1, Col23a1, Col25a1, Crabp1, Crip1, Cryab, Crym, Ctnna1, Ctss, Cyba, Cyr61, Dbi, Ddit4, Dio2, Dkk3, Dlk1, Dner, Dusp1, Dynlrb2, Ecel1, Egr1, Enkur, Eno2, Enpp2, Ermn, Ezr, Fabp7, Fam183b, Fbxo2, Fermt2, Fkbp3, Fos, Fosb, Foxj1, Frzb, Fxyd1, Fxyd6, Fzd5, Gaa, Gabra1, Gabrb1, Gad1, Gad2, Gadd45b, Gadd45g, Gal, Gap43, Gatm, Gda, Gja1, Glul, Gm37376, Gng11, Gng2, Gng3, Gpc3, Gpm6a, Gpm6b, Gpr101, Gpr37l1, Gpr50, Gprasp1, Gpx3, Gria2, Gsn, Gsta4, Gstm1, H2.D1, H2.K1, Hap1, Hepacam, Hes1, Hexb, Hexim1, Hist1h2bc, Hlf, Hmgn5, Hs6st2, Hspa2, Hsph1, Id3, Id4, Ier2, Ier3, Ifi27, Ifitm3, Igfbp5, Ildr2, Impact, Jun, Junb, Kcnq1ot1, Kif21a, Klf4, Klf6, Lamp2, Lhfpl3, Lman1, Lmo4, Lpar1, Lsamp, Ly6e, Ly6h, Maf, Mag, Mal, Map1b, Map7d2, Marcks, Mbp, Mdk, Mef2c, Meg3, Mest, Metrn, Mgst1, Mia, Mid1ip1, Mlc1, Mllt11, Mns1, Mobp, Mog, Msi2, Msn, mt.Nd6, Mt1, Mt2, Mt3, Myl12a, Myo10, Myo6, Nap1l5, Ncald, Ndn, Ndrg1, Ndrg2, Ndrg4, Nefl, Nenf, Nes, Nfia, Nfib, Nfix, Nfkbia, Nkain4, Nnat, Npy, Nr4a1, Nrsn1, Nrsn2, Nrxn3, Nsg1, Nsg2, Ntrk2, Nudt4, Olig1, Pak3, Pam, Pbxip1, Pcdh17, Pcdh9, Pcp4, Pcsk1n, Pcsk2, Pdgfra, Peg10, Peg3, Penk, Pgrmc1, Pla2g16, Plcb4, Pld3, Plekhb1, Pllp, Plp1, Pltp, Pnmal2, Pomc, Ppap2b, Ppp1r15a, Prdx6, Prlr, Psat1, Ptgds, Ptn, Ptprn, Ptprz1, Pttg1, Qk, Rab3a, Rab3b, Rab3c, Ramp1, Rarres2, Rax, Resp18, Rgcc, Rgs2, Rit2, Rn7sk, Rnase4, Rorb, Rps14, Rsph1, Rtn1, S100a1, S100a13, S100a16, S100a6, S100b, Sat1, Scd2, Scg2, Scg3, Scg5, Scn7a, Sdc4, Sepp1, Sept4, Serpina3n, Serpine2, Sgk1, Sirt2, Six3, Six3os1, Slc16a2, Slc17a6, Slc1a2, Slc1a3, Slc2a1, Slc32a1, Slc38a2, Slc4a4, Slit2, Snap25, Snhg11, Snrpn, Sorbs2, Sox2, Sox4, Sox9, Sparc, Sparcl1, Spock3, Spon1, Sst, Stmn2, Stmn3, Stmn4, Synm, Syt1, Syt4, Syt5, Tac2, Tagln2, Tagln3, Tcf4, Thrsp, Thy1, Timp3, Tiparp, Tm4sf1, Tmem130, Tmem176b, Tmem35, Tmem47, Tmem59l, Tmsb4x, Tmx4, Tob1, Tppp3, Trf, Tsc22d3, Tsc22d4, Tspan2, Ttc3, Ttyh1, Tuba1a, Tubb2a, Txnip, Uchl1, Ugt8a, Vcan, Vgf, Vim, Vsnl1, Wls, X2900011O08Rik, X6330403K07Rik, Xist, Ybx1, Zbtb20, Zcchc12, Zeb2, Zfand6, Zfp36l1, Zwint",0.200797416207678,62745
"SIEVE_Seurat_vst",0.145762711864407,0,0.992979426756627,688.987535209421,4.09766297181558,-0.0835828265862422,0.238234942792096,NA,0.875850834836232,568.778,"Abcb1a, Acta2, Adgrf5, Adgrl4, Aebp1, Agrp, Agt, Ahi1, Aif1, Ak7, Aldoc, Anxa5, Apoc3, Apod, Apoe, Aqp4, Aspa, Atp1a2, Atp1b1, Avp, B2m, Bcas1, Bgn, Bmp4, Btnl9, C1qa, C1qb, C1qc, C1ql1, Calb1, Car2, Car4, Cartpt, Cbr2, Ccdc153, Cck, Ccl12, Ccl3, Ccl4, Ccl5, Cd24a, Cd34, Cd52, Cd53, Cd74, Cd9, Cdkn1c, Cemip, Ces1d, Cfh, Cga, Chga, Chgb, Cilp, Cited1, Cldn10, Cldn11, Cldn5, Cmtm5, Cnp, Col1a1, Col1a2, Col23a1, Col25a1, Col3a1, Crabp1, Crispld2, Cryab, Crym, Csf1r, Cspg4, Cst3, Ctgf, Ctla2a, Ctss, Cx3cr1, Cxcl12, Cxcl14, Cxcl2, Cxcl9, Cyp2f2, Cyr61, Dbi, Dcn, Dio2, Dlk1, Dusp1, Dynlrb2, Edn1, Ednrb, Efemp1, Egr1, Emcn, Enpp2, Enpp6, Epas1, Epcam, Ermn, Esam, Evi2a, Fa2h, Fabp7, Fcer1g, Fcgr3, Fcrls, Flt1, Fn1, Fndc3c1, Fos, Fosb, Fshb, Fxyd1, Fyb, Gad2, Gal, Gap43, Gatm, Ghrh, Gja1, Gjc3, Gkn3, Gm21984, Gpm6b, Gpr101, Gpr17, Gpr34, Gpr37l1, Grb14, Gsn, Gstm1, H19, H2.Aa, Hba.a1, Hba.a2, Hbb.bs, Hbb.bt, Hes1, Hexb, Higd1b, Hist1h2bc, Id3, Ifitm3, Igf2, Igfbp2, Igfbp5, Igfbp7, Il1b, Il33, Inmt, Itgam, Itih2, Itih5, Itm2a, Jun, Junb, Kdr, Laptm5, Lhfpl3, Lims2, Ltc4s, Lum, Ly6a, Ly6c1, Ly86, Lyz2, Mag, Mal, Mbp, Meg3, Mfap4, Mgp, Mgst1, Mia, Mlc1, Mobp, Mog, Mpeg1, Mrc1, Ms4a6c, Ms4a7, Mt1, Mt2, Myh11, Nap1l5, Ndn, Neu4, Nfkbia, Nms, Nnat, Nostrin, Npvf, Npy, Ntrk2, Nts, Nupr1, Ogn, Olfml3, Olfr558, Olig1, Olig2, Opalin, P2ry12, Pbk, Pcp4, Pcp4l1, Pcsk1n, Pdgfra, Pdyn, Pecam1, Penk, Pf4, Pld4, Pllp, Pln, Plp1, Pltp, Pomc, Prdx6, Prok2, Ptgds, Ptn, Ptprb, Qk, Qrfp, Ramp1, Ramp2, Rarres2, Resp18, Rgcc, Rgs16, Rgs5, S100a1, S100a6, S100b, Scg2, Scn7a, Scrg1, Selplg, Sepp1, Sept4, Serpina3n, Serpine2, Siglech, Slc17a6, Slc1a2, Slc1a3, Slco1a4, Slco1c1, Snhg11, Sox2, Sox9, Sparc, Sparcl1, Spon2, Spp1, Sprr1a, Srgn, Sst, Syt1, Tac1, Tac2, Tagln, Tcf21, Th, Thbd, Thrsp, Timeless, Timp3, Tm4sf1, Tmem100, Tmem119, Tmem130, Tmem212, Tmem88b, Top2a, Trem2, Trf, Trh, Tshb, Tspan2, Ttyh1, Tyrobp, Ugt8a, Vcan, Vgf, Vim, Vip, Vtn, Wfdc17, Wfdc2, X3110035E14Rik, X6330403K07Rik, X9430020K01Rik, Xist, Zfp36l1",0.137395065832698,31358
"SIEVE_Seurat_disp",0.0808080808080808,0,0.992979426756627,524.977806264283,6.29624083165249,-0.308859879243289,0.253536366854288,NA,0.857237251243781,478.594,"Abcb1a, Acta2, Adgrf5, Adgrl4, Adh1, AF251705, Agrp, Agt, Aif1, Angptl1, Apoc3, Apod, Apoe, Aspa, Avp, Bcas1, Bgn, Bin2, C1qa, C1qb, C1qc, Car2, Car4, Cartpt, Cbr2, Ccdc153, Cck, Ccl12, Ccl3, Ccl4, Ccl5, Cd52, Cd53, Cd74, Cemip, Ces1d, Cfh, Cga, Cilp, Cldn10, Cldn11, Cldn5, Cnp, Col1a1, Col1a2, Col3a1, Crabp1, Crispld2, Cryab, Crym, Csf1r, Ctla2a, Ctss, Cx3cr1, Cxcl12, Cxcl14, Cxcl2, Cxcl9, Cybb, Cyp2f2, Cyr61, Cyth4, Dbi, Dcn, Efemp1, Enpp2, Epcam, Ermn, Evi2a, F13a1, Fabp7, Fcer1g, Fcgr2b, Fcgr3, Fcrls, Flt1, Fos, Fshb, Fyb, Gal, Gatm, Ghrh, Gkn3, Gm21984, Gpr17, Gpr34, Grb14, Gsn, H19, H2.Aa, Hba.a1, Hba.a2, Hbb.bs, Hbb.bt, Hes1, Hexb, Htra3, Igf2, Igfbp2, Igfbp5, Igfbp7, Il1b, Il33, Inmt, Itgam, Itih2, Itih5, Itm2a, Laptm5, Lhb, Ltc4s, Lum, Ly6a, Ly6c1, Ly86, Lyz2, Mag, Mal, Mbp, Mfap4, Mgp, Mobp, Mog, Mpeg1, Mrc1, Ms4a6c, Ms4a7, Mt1, Mt2, Myh11, Nms, Nnat, Npvf, Npy, Nts, Nupr1, Ogn, Olfml3, Olfr558, Olig1, Opalin, P2ry12, Pbk, Pcolce, Pcp4l1, Pdgfra, Pf4, Pld4, Pllp, Pln, Plp1, Pltp, Pomc, Prdx6, Ptgds, Ptn, Ptprb, Qrfp, Rarres2, Rgs5, S100a6, S100b, Scn7a, Scrg1, Selplg, Sepp1, Sept4, Serpine2, Siglech, Slc6a13, Slco1a4, Slco1c1, Sparc, Spon2, Spp1, Sprr1a, Srgn, Sst, Tac1, Tac2, Tcf21, Thbd, Timeless, Tm4sf1, Tmem119, Tmem212, Tmem88b, Trem2, Trf, Tshb, Tspan2, Tyrobp, Ugt8a, Vip, Vtn, Wfdc17, Wfdc2, X9430020K01Rik",0.147014392442831,11143
"scLVM_log",0.467889908256881,0,0.992979426756627,593.730312977233,4.8810662720884,-0.109096786115133,0.25247002654448,NA,0.825718821661669,37.125,"X2010107E04Rik, X2210016L21Rik, X6330403K07Rik, Ahi1, Aldoc, Aplp1, Apoe, App, Atp1b1, Atp2b1, Bex1, Bex2, Calm1, Calm2, Caly, Cd200, Cd63, Celf4, Chchd10, Chga, Chgb, Clu, Cmip, Cox5a, Cst3, Dbi, Dlk1, Fkbp3, Fos, Fth1, Fxyd6, Gaa, Gap43, Gm1673, Gnao1, Gnas, Gng3, Gpm6a, Gpx3, Gria2, Hap1, Hsp90ab1, Hsph1, Impact, Jun, Kif21a, Lamp1, Lsamp, Ly6h, Malat1, Map7d2, Mapt, Marcks, Meg3, Mt1, Mt3, Nap1l5, Ndn, Ndufa5, Nenf, Ngfrap1, Nme1, Nnat, Npy, Nrsn2, Nsg1, Nsg2, Ntrk2, Pam, Pcp4, Pcsk1n, Peg3, Pld3, Pnmal2, Prdx6, Ptn, Rab3a, Resp18, Rpl22l1, Rpl37, Rpl39, Rps14, Rps21, Rps8, Rtn1, Scd2, Scg2, Scg3, Snap25, Snap47, Snhg11, Snrpn, Stmn2, Stmn3, Syt4, Timm8b, Tmem130, Tmem59l, Tmsb4x, Ttc3, Tuba1a, Tubb2a, Uchl1, Zbtb20, Zcchc12, Zwint, mt.Cytb, mt.Nd1, mt.Rnr2",0.278521196808333,5699
"scLVM_logvar",0.48780487804878,0,0.992979426756627,696.478264216591,5.50330934288516,-0.126107701055418,0.238700285781419,NA,0.811410987632543,33.122,"X6330403K07Rik, Ahi1, Aldoc, Apoe, Atp1b1, Bex2, Caly, Celf4, Chga, Chgb, Cst3, Dbi, Dlk1, Fkbp3, Fos, Gap43, Ly6h, Malat1, Meg3, Mt1, Nap1l5, Ndn, Ngfrap1, Nnat, Npy, Pcsk1n, Peg3, Prdx6, Ptn, Resp18, Rps21, Rtn1, Scg2, Snhg11, Stmn3, Tmem130, Tmsb4x, Ttc3, Uchl1, Zwint, mt.Rnr2",0.386552041685555,807
"scanpy_seurat",0.005,0,0.992979426756627,108.198056909754,7.52924377801433,-0.329637984875822,0.322676735517091,NA,0.828972583988423,11.042,"X1110017D15Rik, X1700001C02Rik, X1700007G11Rik, X1700012B09Rik, X1700016K19Rik, X1700026D08Rik, X2310007L24Rik, X3110035E14Rik, X3300002A11Rik, X9430020K01Rik, AU040972, Abcb1a, Abcg2, Acta2, Acvr1c, Acvrl1, Adamts4, Adcyap1, Adgrf5, Adgrl4, Aebp1, Agt, Ahnak, Aif1, Ak7, Alas2, Aldh1a2, Anln, Anxa1, Anxa8, Aoc1, Aox2, Apoa4, Apoc3, Apod, Apold1, Aqp1, Aqp4, Areg, Arhgef39, Arpc1b, Aspa, Avp, Bcas1, Bdnf, Bfsp2, Bmp4, Bmx, Btnl9, C130074G19Rik, C1qa, C1qb, C1qc, C730034F03Rik, Calml4, Car14, Car2, Car4, Casq2, Cbr2, Ccdc141, Ccdc146, Ccdc153, Ccdc33, Cck, Ccl12, Ccl2, Ccl22, Ccl3, Ccl4, Ccl5, Ccl8, Cd24a, Cd34, Cd52, Cd74, Cd93, Cdh5, Cdhr3, Cdhr4, Cdkn1a, Cdkn1c, Ces1d, Ces2g, Cfap43, Cfap54, Cfh, Cga, Cgnl1, Chek2, Chn2, Cldn11, Cldn3, Cldn5, Cldn7, Cldn9, Clec3b, Clec7a, Clic4, Cnp, Col1a2, Col3a1, Col6a5, Col8a2, Cp, Cpxm2, Crabp1, Crh, Crhbp, Crispld2, Cryab, Cryba1, Crygn, Csf1r, Ctgf, Ctla2a, Ctss, Cx3cr1, Cxcl10, Cxcl12, Cxcl14, Cxcl2, Cxcl9, Cyp2a5, Cyp2f2, Cytl1, Dcn, Dmkn, Dnah5, Dnah6, Dnali1, E230008N13Rik, Edn1, Efemp1, Egr4, Emcn, Eng, Enpp2, Enpp6, Epas1, Epcam, Ermn, Esam, Esm1, Etnppl, Evi2a, F13a1, Fa2h, Fabp4, Fam101b, Fam216b, Fbln5, Fcer1g, Fcgr3, Fcrls, Figf, Flt1, Fmo2, Fn1, Fndc3c1, Folr1, Frmd4a, Fshb, Fxyd5, Gal, Gamt, Gata2, Gfap, Ghrh, Gja4, Gjb1, Gjc2, Gjc3, Gkn3, Gltp, Gm10714, Gm13861, Gm14964, Gm15440, Gm15698, Gm15879, Gm21984, Gm37196, Gnrh1, Gnrhr, Got1l1, Gpr17, Gpr37, Grp, Gsn, H19, H2.Aa, H2.Ab1, H2.Eb1, Hapln2, Hba.a1, Hba.a2, Hbb.bs, Hbb.bt, Hdc, Hesx1, Hexb, Higd1b, Hipk1, Hist1h4h, Hmgcs2, Hmmr, Hspb1, Icam2, Id1, Ifi27l2a, Igf2, Igfbp2, Igfbp3, Igfbp5, Igfbp7, Il1b, Il33, Inmt, Iqca, Itgam, Itih5, Itm2a, Kcna1, Kcnj10, Kdr, Kitl, Klf2, Klk6, Krt18, Krt8, Laptm5, Lbp, Lcn2, Lgi3, Lhb, Lims2, Lrrc23, Lrrc26, Lrrc48, Lrrc74b, Lum, Ly6a, Ly6c1, Ly86, Lypd2, Lyz2, Mag, Mal, Mfap4, Mgp, Mlf1, Mobp, Mog, Mpeg1, Mpzl1, Mrc1, Ms4a7, Msx1, Myh11, Myl9, Net1, Nhlh2, Nkx6.1, Nmb, Nms, Nostrin, Npvf, Nr4a2, Nts, Nuf2, Nupr1, Odf3b, Ogn, Olfr558, Olig1, Opalin, Oxt, P2rx2, P2ry12, Parpbp, Pbk, Pcp4l1, Pdgfra, Pdlim2, Pecam1, Pex5l, Pf4, Pglyrp1, Pitx1, Pitx2, Plat, Platr9, Pln, Pltp, Pmch, Pnoc, Ppp1r14a, Ppp1r36, Prc1, Prok2, Prom1, Ptprb, Ptrf, Qrfp, Ramp2, Rarres2, Rbp1, Rbpms, Rgs16, Rgs5, Rrad, Rsph4a, S100a11, S100a8, S100b, Scn7a, Sdpr, Sec14l3, Selplg, Sepp1, Sept4, Serpinb1a, Siglech, Six1, Slc18a2, Slc22a8, Slc26a7, Slc2a1, Slc38a5, Slc44a1, Slc9a3r2, Slco1a4, Slco1c1, Sncg, Sntn, Sox17, Spag17, Spag6, Spc25, Spef2, Spon2, Spp1, Sprr1a, Srgn, Stoml3, Sult1c1, Sult1e1, Tac1, Tac2, Tacstd2, Tagln, Tctex1d4, Tek, Tff2, Tgfb2, Th, Thbd, Thbs1, Timeless, Tinagl1, Tm4sf1, Tmem125, Tmem212, Tmem88b, Tnni2, Top2a, Tpm2, Trem2, Trf, Trh, Tshb, Tspan1, Tspan2, Tspan8, Txnip, Tyrobp, Ube2c, Ugt8a, Upk3bl, Uts2, Vgf, Vip, Vtn, Vwa1, Vwf, Wdr66, Wfdc1, Wfdc17, Wfdc18, Wfdc2, Wfikkn2, Zfp36, Bpifa1, Cd8a, Gabrp, Ccl20, S100a9, Reg3g, Spink5",0.119765531692113,40255
"scanpy_cell_ranger",0,0,0.992979426756627,4.38561320382982,27.2354192811376,-0.527934023802484,0.00381526654898833,NA,0.420610687022901,5.29499999999996,"X1700008K24Rik, X1700016A09Rik, X1700021F07Rik, X1700021L23Rik, X1700031P21Rik, X1700042O10Rik, X1700086D15Rik, X1700101I19Rik, X1810053B23Rik, X2310002L09Rik, X4631405K08Rik, X4732465J04Rik, X4930527E20Rik, X4930570D08Rik, X4931409K22Rik, X4932413F04Rik, X5830415G21Rik, X9230102O04Rik, A130048G24Rik, A630035G10Rik, A730035I17Rik, Acrv1, Agxt2, Aldh3b3, Asb11, Atp1b4, Atp6v1b1, Bpifb4, C130073F10Rik, Calcb, Ccdc83, Ccl19, Ccr2, Ccr9, Cct8l1, Cd3d, Cd3e, Cd3g, Ces4a, Chrna6, Clca2, Clca3a2, Clec4d, Cpa6, Cpz, Crp, Cryba1, Cyp26a1, Cyp2j13, Cytl1, D030046N08Rik, Dkk1, Dmrt2, Dnmt3aos, Drd4, Etd, F7, Fer1l6, Fgf21, Fgf5, Foxi2, Fpr2, Fsd2, Ftcd, Fut7, Gcg, Gja3, Glyat, Gm10371, Gm10521, Gm10804, Gm11961, Gm12256, Gm12364, Gm12474, Gm12534, Gm1305, Gm13264, Gm13403, Gm13837, Gm13964, Gm14327, Gm15342, Gm15987, Gm16178, Gm16350, Gm16564, Gm19557, Gm20442, Gm20647, Gm23407, Gm24789, Gm25138, Gm25188, Gm25934, Gm26517, Gm26613, Gm26667, Gm26725, Gm26822, Gm27747, Gm29155, Gm29254, Gm33142, Gm34732, Gm37078, Gm37194, Gm37196, Gm37229, Gm37297, Gm37393, Gm37402, Gm37578, Gm37834, Gm37837, Gm37884, Gm37913, Gm37973, Gm38025, Gm38031, Gm38069, Gm38073, Gm38351, Gm6117, Gm6209, Gnat3, Gnrhr, Gpr15, Hist1h2ag, Hopxos, Hoxa5, Hoxa7, Hoxb4, Hsd17b6, Icos, Igkc, Il27, Il2rb, Il5, Klk7, Klra4, Klrb1b, Klrb1c, Krt16, Krt80, L1td1, Lalba, Lhx8, Lrrc26, Lrrc52, Ly6d, Lyzl4, Mageb3, Mgl2, Ms4a1, Ms4a4a, Msx3, Muc20, Mup6, Myod1, Nlrp10, Nmur1, Noxa1, Npc1l1, Nr1h4, Nxpe5, Oas1f, Oas1g, Obp2b, Ocm, Olfr323, Pdilt, Pih1d3, Pla2g2e, Prap1, Prl6a1, Prop1, R3hdml, RP23.10D15.2, RP23.113O9.4, RP23.15G1.3, RP23.173N16.8, RP23.178N8.7, RP23.336O18.4, RP23.396K2.2, RP23.403C5.3, RP23.423A22.3, RP23.423J10.2, RP23.434H17.4, RP23.434H17.5, RP23.443O1.1, RP23.55P22.5, RP24.126A19.2, RP24.166L23.1, RP24.230J14.2, RP24.230L5.4, RP24.491C20.4, RP24.560A18.2, RP24.87P2.3, Redrum, Retnlg, Scnn1g, Sell, Serpinb3c, Serpinb5, Sh2d1b1, Sh2d2a, Skint3, Slc22a1, Slc47a1, Slc6a14, Slmapos2, Smpx, Smtnl1, Spp2, Sult1c1, Sult1e1, Sycp1, Tacr2, Tfap2c, Themis, Tmco5b, Tmprss4, Tmprss9, Tnfsf14, Tprg, Trbc1, Trdc, Trim29, Uts2, WI1.2255B14.1, Wfdc5, Zfp957, n.R5s8, X1700017G19Rik, X1700054M17Rik, X1700061I17Rik, X2300002M23Rik, X4930511A02Rik, X4930545L23Rik, X4930558J18Rik, A330069K06Rik, Abca12, Abcg8, Adtrp, Atp6v0d2, Cd8a, Chrnb3, Cpb1, Crct1, Crtam, Csn1s2b, Depdc1a, En1, Gabrp, Gja10, Gm11205, Gm15395, Gm15540, Gm17116, Gm25630, Gm26640, Gm27045, Gm27445, Gm28497, Gm37240, Gm37484, Gm37560, Gm37767, Gm37827, Gm37925, Gm38293, Gucy2g, Ifitm5, Kif18b, Krt36, Ldlrad1, Ms4a3, Muc16, Platr21, RP23.181I1.4, RP23.348H21.2, RP23.366N13.2, RP23.385G21.3, RP24.332C17.3, Slc5a1, Slfn1, Sult6b1, Adam3, Btbd18, Ccl20, D330020A13Rik, Gh, Gimap7, Gm10610, Gm12272, Gm15582, Gm22973, Gm24971, Gm26012, Gm37518, Gm37737, Gm4847, Ifi202b, Lipc, Mir5135, Myrfl, Ppbp, Prm3, RP24.349N15.2, RP24.555M20.5, Rab17, Rtp3, S100a9, Slc22a13, Slc4a1, Slc9a4, Smco2, Spic, Tnfrsf14, X1700013D24Rik, X1700030M09Rik, Actl10, Adamts13, Aox4, Apcs, Cxcl3, Gm12511, Gm12786, Gm17428, Gm24396, Gm26551, Gm26832, Gm28086, Gm29561, Gm37046, Gm5420, Gm816, Il13, Il23r, Kcnv2, Krt12, Krt76, Lce3a, Lcn11, Lelp1, Lim2, Otog, RP23.79E5.5, RP23.92N2.1, RP24.363K20.7, S100a5, Scarna8, Tbx4, Tph1, U90926, Wfdc10, X4930455B14Rik, X4930517O19Rik, X4933440M02Rik, B230364G03Rik, CH25.194I22.2, Duoxa2, Fbxw15, Gm11567, Gm11840, Gm16322, Gm16334, Gm23402, Gm23857, Gm25464, Gm36969, Hoxd1, Hyal6, RP23.276C23.3, RP23.276J7.2, RP24.199E1.1, RP24.409P22.1, Reg3g, Sdr16c5, Serpina7, Slc13a2, Slc22a29, Slc6a19os, X1700097N02Rik, A530053G22Rik, Ahsg, Defa.rs1, Defa24, Gm23138, Gm37812, Igf2os, Mmp3, Olfr461, RP23.99A9.1, Spink5, Cyp2g1, RP24.89C11.1, Slc28a1, Iglc2",0.303656262211279,365
"scanpy_Pearson",0.175,0,0.992979426756627,546.790163371384,3.27414817523315,-0.104226380543057,0.309433869263836,NA,0.874171029668412,14.277,"X2810417H13Rik, X3110035E14Rik, X6330403K07Rik, X9430020K01Rik, AI607873, Abcb1a, Abcg2, Acta2, Actb, Adamts1, Adgrf5, Adgrl4, Adh1, Aebp1, Agrp, Agt, Ahi1, Aif1, Ak7, Aldh1a2, Aldoc, Angptl1, Anxa1, Anxa5, Apoc3, Apod, Apoe, Apold1, Aqp4, Aspn, Atp1a2, Atp1b1, Avp, B2m, Bcas1, Bgn, Bmp4, Bsg, Btnl9, C1qa, C1qb, C1qc, C1ql1, Cald1, Car2, Car4, Cartpt, Cbr2, Ccdc153, Cck, Ccl12, Ccl2, Ccl3, Ccl4, Ccl5, Ccr5, Cd14, Cd24a, Cd34, Cd52, Cd53, Cd74, Cd81, Cd9, Cdkn1c, Cemip, Ces1d, Cfh, Cga, Chga, Chgb, Chn2, Cilp, Cited1, Cldn10, Cldn11, Cldn5, Clec7a, Clu, Cmtm5, Cnp, Col15a1, Col1a1, Col1a2, Col23a1, Col25a1, Col3a1, Colec12, Cpe, Crabp1, Crhbp, Crip1, Crispld2, Cryab, Crym, Csf1r, Cspg4, Cst3, Ctgf, Ctla2a, Ctsd, Ctss, Cx3cr1, Cxcl10, Cxcl12, Cxcl14, Cxcl2, Cxcl9, Cybb, Cyp2f2, Cyr61, Dbi, Dcn, Dio2, Dlk1, Dpep1, Dusp1, Dynlrb2, Edn1, Edn3, Ednrb, Efemp1, Egr1, Emcn, Enpp2, Enpp6, Epas1, Epcam, Ermn, Esam, Esm1, Evi2a, F13a1, Fabp7, Fcer1g, Fcgr3, Fcrls, Filip1l, Flt1, Fmod, Fn1, Fndc3c1, Fos, Fosb, Fshb, Fth1, Fxyd1, Fyb, Fyn, Gad2, Gal, Gap43, Gatm, Ghrh, Gja1, Gjb2, Gjc3, Gkn3, Glul, Gm15698, Gm21984, Gnas, Gpihbp1, Gpm6b, Gpr17, Gpr34, Gpr37l1, Grb14, Grp, Gsn, Gstm1, H19, H2.Aa, H2.Ab1, H2.D1, H2.Eb1, H2.K1, Hba.a1, Hba.a2, Hbb.bs, Hbb.bt, Hdc, Hes1, Hexb, Higd1b, Hmmr, Htra3, Id1, Id3, Ier3, Ifi27l2a, Ifitm1, Ifitm3, Igf2, Igfbp2, Igfbp3, Igfbp5, Igfbp7, Il1b, Il33, Inmt, Itgam, Itih2, Itih3, Itih5, Itm2a, Jun, Junb, Kcnj8, Kdr, Kitl, Klf2, Klk6, Krt18, Laptm5, Lgals1, Lhb, Lhfpl3, Lims2, Ltc4s, Lum, Ly6a, Ly6c1, Ly6e, Ly86, Lypd2, Lyz2, Maf, Mag, Mal, Malat1, Marcks, Mbp, Meg3, Mest, Mfap4, Mgp, Mia, Mki67, Mlc1, Mmp2, Mobp, Mog, Mpeg1, Mpzl1, Mrc1, Ms4a6c, Ms4a7, Mt1, Mt2, Mt3, Myh11, Myl9, Mylk, Nap1l5, Ndn, Ndrg2, Neu4, Nfasc, Nfkbia, Nms, Nnat, Nostrin, Npy, Ntrk2, Nts, Ntsr2, Nupr1, Ogn, Olfml3, Olfr558, Olig1, Olig2, Opalin, P2ry12, Pbk, Pcolce, Pcp4, Pcp4l1, Pcsk1n, Pdgfra, Pdyn, Pecam1, Penk, Pf4, Plau, Pld4, Pllp, Pln, Plp1, Pltp, Pomc, Ppap2b, Prc1, Prdx6, Prok2, Prss56, Ptgds, Ptn, Ptprb, Ptprz1, Qdpr, Qk, Qrfp, Ramp1, Ramp2, Rarres2, Resp18, Rgcc, Rgs16, Rgs5, Rn7sk, Rorb, Rtn1, S100a1, S100a16, S100a6, S100b, Sat1, Scd2, Scg2, Scn7a, Scrg1, Sdpr, Selplg, Sepp1, Sept4, Serpina3n, Serpine2, Siglech, Sirt2, Slc18a2, Slc1a2, Slc1a3, Slc22a6, Slc2a1, Slc4a4, Slc6a13, Slco1a4, Slco1c1, Snhg11, Sox2, Sox9, Sparc, Sparcl1, Spon2, Spp1, Sprr1a, Srgn, Sst, Syt1, Tac1, Tac2, Tagln, Tcf21, Tgfb2, Th, Thbd, Thrsp, Timeless, Timp3, Tm4sf1, Tmem100, Tmem119, Tmem212, Tmem47, Tmem88b, Tmsb4x, Tnr, Top2a, Tpm2, Trem2, Trf, Trh, Tsc22d4, Tshb, Tspan2, Ttc3, Ttyh1, Tuba1a, Tyrobp, Ube2c, Ugt8a, Vcan, Vgf, Vim, Vip, Vtn, Wfdc17, Wfdc18, Wfdc2, Wfikkn2, Xist, Zbtb20, Zfp36l1, mt.Cytb, mt.Nd1, mt.Nd5, mt.Rnr1, mt.Rnr2",0.120913026738189,56391
