"","Overlap with highly expressed genes","Overlap with lowly expressed genes","Pearson's correlation between mean and variance","Calinski-Harabasz index","Davies-Bouldin index","Average silhouette width","Adjusted Rand index","Average ROGUE score","Purity score","Runtime","hvgs","Average absolute rho for pairs of correlated HVG","Number of pairs of correlated HVG"
"M3Drop",0.015,0,0.996370843801864,16.6034492033189,10.4100542350971,-0.266903299573052,0.0200615754696855,NA,0.314176245210728,2.30999999999767,"IGLV2-11, IGKV3-15, GTSF1, IGHV3-74, DLGAP5, CTC-241F20.3, LRRN2, HRASLS2, SEC14L4, REC8, SLC9A9, NEK8, RP5-1071N3.1, IGLV8-61, ORC6, CD300E, IGLV6-57, VCAN, IGHG3, IGHV3-23, IGHV3-7, ALKBH8, SLC38A9, CDT1, GCFC2, SLC43A3, RP11-38P22.2, ZNF185, C22orf46, S100A12, ANAPC1, MYH3, CENPE, TMEM120B, CDKN3, IGKV2-30, RUNDC3B, SOCS7, MYBL2, C21orf2, IGHV3-9, TRAPPC3, ARHGAP10, RBFA, RB1, SLC7A7, ITGB2-AS1, ERBB2, HMOX1, DEFA3, LINC00324, ANKRD9, HSCB, TBC1D32, UNC50, ZNF778, GOLIM4, PCBP4, NAGK, IGHM, ZSCAN29, COMMD4, IGLC3, IGHG2, TOR3A, ISG15, CXCL3, ZNF641, CXCL2, BRF1, RNMTL1, PCIF1, MED22, RPUSD4, ASTE1, PHACTR1, SLC35B2, ZNF808, IGKV3-20, SLC25A4, ZNF337, NAGA, NLRP3, AHI1, LYZ, IGHG1, EREG, AC096579.7, FCRL1, FCN1, GTF3C3, TOP1MT, MRPS33, TRIM39, JAKMIP1, DGKQ, ITGA2B, CLEC12A, ZBTB17, TIMP2, DVL3, PLOD1, GGA1, HENMT1, NCF2, WDR59, DPH3, ING2, RALGAPA1, PHC2, MAPKAPK3, PRDX4, UHRF1BP1, MKI67, HBG1, UBE2M, PPP1R9B, UBAC1, MAFB, GUF1, PLCL1, RGS18, NDEL1, JHDM1D-AS1, PPP1R10, ZNF813, GMPPA, LILRB2, ZHX2, ATP5S, ATF3, PLCB1, ZFC3H1, ZNF484, FBXO38, TMEM18, ELP5, VPS29, GPR107, PTGS2, RDH11, TC2N, IGHD, MZB1, TMCC2, SIGMAR1, MPHOSPH9, UBA1, MAD2L2, CX3CR1, PTPN7, DECR1, AIFM1, TNF, PLA2G16, MTA2, NEDD4L, DDX28, SELO, ANGEL2, C18orf25, FKRP, CCS, KIAA0232, ZCCHC10, PARVB, IGHA2, MARK2, CNP, ORAI1, TTLL5, LONP1, LYRM7, RNF103, FN3KRP, ZUFSP, CLP1, GEMIN5, DLST, ATN1, SLC20A2, S100A8, ETAA1, IGHA1, IL8, IFI30, C5AR1, KLF1, PLAUR, NOM1, CD86, ABCC4, SENP2, SPCS2, EP400, PDCD5, IGHMBP2, SUMO1, WDR75, CUEDC2, CALU, BET1L, ZMPSTE24, IKBKE, PDZK1IP1, TPST2, ZNF708, WDR54, OSBPL10, PIGX, SPIB, C1orf162, VWA9, RNF130, CARHSP1, NUP155, AL512428.1, RP11-395B7.7, RAP1GDS1, PRMT1, INADL, TNKS, MCM5, RAB5B, ERC1, SRI, IER3, MIS18BP1, HEMGN, ANKRD28, MAN2B2, GLIPR2, FAM96A, WDR37, BTBD2, ACTR6, GSAP, TRIM37, TACO1, SMNDC1, CARD16, CLIC1, HIC2, RAB39B, RAB11FIP5, ST6GALNAC4, SETD1A, SMOX, PEX1, STMN1, ADAT1, SEMA7A, G0S2, METTL7A, GPI, CIRH1A, OR2W3, COIL, NFU1, CEP104, SNF8, ICOS, CCDC28A, CD7, HIST1H4C, IL1B, DDX52, IMP4, TUBB, IVD, ABHD15, ABHD14B, SKAP2, TET3, RAB10, LMNB1, NISCH, PDCD2, STX5, HTATIP2, MON1B, SNX8, TTN, SOS1, MAML2, GNG7, RFWD2, ANAPC15, WDR13, SLC4A7, SSSCA1, SNAP29, GZF1, CEP63, FRS2, PRKD3, GNG5, PRPF4, RALA, HINT2, DNM1L, EGR1, PAX5, MAN1A1, FUT11, TMEM203, PRKCQ, TBK1, NXF1, NUBP2, ETFA, NOL7, CARS, UTP15, CNNM3, CCDC88A, CSNK1E, MRPL11, POU2F2, PPIF, OGFRL1, CTNNBL1, TPGS2, GFPT1, SIRT7, NELFCD, CEP85L, CLDND1, TSPAN32, FAM193A, MTHFR, PTOV1, MTMR12, GCC1, MMADHC, PHKB, ZNF37A, GABARAP, APEX1, NFRKB, DNAJB11, IGKC, DYNLL1, NUMB, CEP135, RANBP9, USPL1, SMIM1, IGF2R, PWP2, IGJ, SGMS1, WHSC1, PICALM, IVNS1ABP, PLEKHA3, ZHX1, KB-1208A12.3, SFI1, COG2, CHTOP, VAPB, NIPAL3, PPA1, IP6K1, SETD3, AHCYL1, TOMM70A, EMD, UBP1, IGF1R, PFDN2, POLR3C, CTSH, TMEM156, DENND4A, ILF3-AS1, KIAA0040, IPO8, PPM1K, KDM5B, MTF1, SPOP, MGA, AHR, PRKAR2B, PLK1S1, DNPH1, SOCS3, TCEA1, TRABD2A, SOS2, CASP8AP2, LST1, LPAR6, LAMTOR4, CD27, SPARC, RNF126, PPP6R1",0.145120996127262,5411
"M3Drop_Basic",0.0025,0,0.996370843801864,2.06652279971803,12.2596289018301,-0.161916014072626,0.00605732417306646,NA,0.305737109658678,2.40000000002328,"CTC-241F20.3, HRASLS2, IGLV8-61, LRRN2, NEK8, ORC6, REC8, RP5-1071N3.1, SEC14L4, SLC9A9, DLGAP5, GTSF1, IGHV3-74, IGKV3-15, IGLV2-11, ALKBH8, ANAPC1, C22orf46, CDKN3, CDT1, CENPE, GCFC2, IGHV3-7, IGKV2-30, MYH3, RP11-38P22.2, RUNDC3B, S100A12, SLC38A9, SLC43A3, TMEM120B, ZNF185, CD300E, IGLV6-57, VCAN, SOCS7, ANKRD9, ARHGAP10, C21orf2, DEFA3, ERBB2, GOLIM4, HMOX1, HSCB, IGHV3-9, ITGB2-AS1, LINC00324, NAGK, PCBP4, RB1, RBFA, SLC7A7, TBC1D32, TRAPPC3, UNC50, ZNF778, MYBL2, IGHV3-23, ASTE1, BRF1, CXCL2, CXCL3, IGKV3-20, MED22, NAGA, PCIF1, PHACTR1, RNMTL1, RPUSD4, SLC25A4, SLC35B2, ZNF337, ZNF641, ZNF808, ISG15, TOR3A, COMMD4, ZSCAN29, AHI1, NLRP3, CLEC12A, DGKQ, DPH3, DVL3, FCN1, GGA1, GTF3C3, HENMT1, ING2, ITGA2B, JAKMIP1, MRPS33, NCF2, PHC2, PLOD1, RALGAPA1, TIMP2, TOP1MT, TRIM39, WDR59, ZBTB17, FCRL1, ATF3, ATP5S, ELP5, FBXO38, GMPPA, GPR107, GUF1, JHDM1D-AS1, LILRB2, NDEL1, PLCB1, PLCL1, PPP1R10, RDH11, RGS18, TMEM18, VPS29, ZFC3H1, ZHX2, ZNF484, ZNF813, EREG, PPP1R9B, UBAC1, UBE2M, MAPKAPK3, PRDX4, UHRF1BP1, AIFM1, ANGEL2, ATN1, C18orf25, CCS, CLP1, CNP, CX3CR1, DDX28, DECR1, DLST, ETAA1, FKRP, FN3KRP, GEMIN5, KIAA0232, LYRM7, MAD2L2, MPHOSPH9, MTA2, NEDD4L, PARVB, PLA2G16, PTPN7, RNF103, SIGMAR1, SLC20A2, TMCC2, TTLL5, UBA1, ZUFSP, PTGS2, TC2N, IGLC3, ABCC4, AL512428.1, BET1L, C1orf162, CARHSP1, CD86, CUEDC2, IGHMBP2, IKBKE, INADL, MCM5, NUP155, OSBPL10, PDCD5, PDZK1IP1, PIGX, PRMT1, RAB5B, RAP1GDS1, RNF130, RP11-395B7.7, SPCS2, SPIB, SUMO1, TNKS, TPST2, VWA9, WDR54, ZMPSTE24, ZNF708, LONP1, MARK2, SELO, TNF, ZCCHC10, MAFB, HBG1, ORAI1, ABHD15, ACTR6, ADAT1, ANKRD28, BTBD2, CARD16, CCDC28A, CD7, CIRH1A, COIL, FAM96A, GLIPR2, GSAP, HIC2, ICOS, IVD, MAN2B2, METTL7A, NFU1, PEX1, RAB11FIP5, RAB39B, SEMA7A, SMNDC1, SMOX, SNF8, ST6GALNAC4, TACO1, TRIM37, WDR37, AC096579.7, C5AR1, CALU, KLF1, NOM1, SENP2, WDR75, MKI67, MZB1, LYZ, ERC1, SRI, ANAPC15, CEP63, DNM1L, EGR1, FRS2, GNG5, GNG7, GZF1, HINT2, HTATIP2, LMNB1, MON1B, NISCH, PDCD2, PRKD3, PRPF4, RAB10, RALA, RFWD2, SKAP2, SLC4A7, SNAP29, SOS1, SSSCA1, TET3, TTN, WDR13, CEP104, DDX52, G0S2, GPI, IMP4, OR2W3, SETD1A, IGHD, EP400, CARS, CCDC88A, CLDND1, CNNM3, CTNNBL1, DNAJB11, ETFA, FAM193A, FUT11, GABARAP, GFPT1, IPO8, MMADHC, MRPL11, MTHFR, MTMR12, NELFCD, NFRKB, NUBP2, NUMB, NXF1, OGFRL1, PHKB, PPIF, PRKCQ, PTOV1, RANBP9, SGMS1, SIRT7, SMIM1, TBK1, TMEM203, TSPAN32, USPL1, UTP15, ZNF37A, MIS18BP1, SNX8, STX5, IGHG3, IER3, ABHD14B, TUBB, AHCYL1, CHTOP, COG2, CTSH, DENND4A, DNPH1, EMD, IGF1R, IP6K1, IVNS1ABP, KB-1208A12.3, KIAA0040, LAMTOR4, MGA, MTF1, NIPAL3, PFDN2, PICALM, PLEKHA3, PLK1S1, POLR3C, PPP6R1, PRKAR2B, PWP2, SETD3, SFI1, SPOP, TCEA1, TMEM156, TOMM70A, TSC1, UBP1, VAPB, IGHG2, CLIC1, PAX5, TPGS2, S100A8, MAML2, PLAUR, IL8, STMN1, AKT1, ARHGEF9, ATG14, C10orf68, C11orf31, C8orf59, CALCOCO2, CASP8AP2, CDK9, CFD, CUL4B, DENND6A, ERCC6L2, FCRL6, GABPB2, KIAA0355, KIAA1731, LASP1, LPAR6, NELFB, PMAIP1, PRKD2, PSME3, RBM15, RNF126, SPARC, TACC3, TBCB, UBL4A, UBLCP1, APEX1, CEP135, DYNLL1, IGF2R, PPA1",0.144049933975635,5273
"M3Drop_Brennecke",0.0191780821917808,0,0.996370843801864,8.05986236589516,8.58579573709036,-0.270384144900496,0.00881335758291191,NA,0.31370523415978,1.98999999999069,"IGLV2-11, IGKV3-15, IGHG3, DLGAP5, GTSF1, IGHV3-74, CTC-241F20.3, HRASLS2, IGLV8-61, LRRN2, NEK8, ORC6, REC8, RP5-1071N3.1, SEC14L4, SLC9A9, CD300E, IGLV6-57, VCAN, IGHV3-23, IGHM, SOCS7, ALKBH8, ANAPC1, C22orf46, CDKN3, CDT1, CENPE, GCFC2, IGHV3-7, IGKV2-30, MYH3, RP11-38P22.2, RUNDC3B, S100A12, SLC38A9, SLC43A3, TMEM120B, ZNF185, IGHG2, MYBL2, IGLC3, IGHG1, ANKRD9, ARHGAP10, C21orf2, DEFA3, ERBB2, GOLIM4, HMOX1, HSCB, IGHV3-9, ITGB2-AS1, LINC00324, NAGK, PCBP4, RB1, RBFA, SLC7A7, TBC1D32, TRAPPC3, UNC50, ZNF778, COMMD4, ZSCAN29, ISG15, TOR3A, LYZ, AC096579.7, AHI1, NLRP3, EREG, ASTE1, BRF1, CXCL2, CXCL3, IGKV3-20, MED22, NAGA, PCIF1, PHACTR1, RNMTL1, RPUSD4, SLC25A4, SLC35B2, ZNF337, ZNF641, ZNF808, MKI67, IGHA1, HBG1, FCRL1, MAPKAPK3, PRDX4, UHRF1BP1, CLEC12A, DGKQ, FCN1, GGA1, GTF3C3, ITGA2B, MRPS33, PHC2, TIMP2, TOP1MT, TRIM39, WDR59, DPH3, DVL3, HENMT1, ING2, JAKMIP1, NCF2, PLOD1, RALGAPA1, ZBTB17, MAFB, PPP1R9B, UBAC1, UBE2M, IGHD, IGHA2, MZB1, ATF3, ATP5S, ELP5, FBXO38, GMPPA, GPR107, GUF1, JHDM1D-AS1, LILRB2, NDEL1, PLCB1, PLCL1, PPP1R10, RDH11, RGS18, TMEM18, VPS29, ZFC3H1, ZHX2, ZNF484, ZNF813, PTGS2, TC2N, S100A8, IFI30, IL8, ORAI1, LONP1, MARK2, SELO, TNF, ZCCHC10, IGKC, PLAUR, AIFM1, ANGEL2, ATN1, C18orf25, CCS, CLP1, CNP, CX3CR1, DDX28, DECR1, DLST, ETAA1, FKRP, FN3KRP, GEMIN5, KIAA0232, LYRM7, MAD2L2, MPHOSPH9, MTA2, NEDD4L, PARVB, PLA2G16, PTPN7, RNF103, SIGMAR1, SLC20A2, TMCC2, TTLL5, UBA1, ZUFSP, C5AR1, CALU, KLF1, NOM1, SENP2, WDR75, EP400, HEMGN, IGJ, IL1B, HIST1H4C, IER3, ABCC4, AL512428.1, BET1L, C1orf162, CARHSP1, CD86, CUEDC2, IGHMBP2, IKBKE, INADL, MCM5, NUP155, OSBPL10, PDCD5, PDZK1IP1, PIGX, PRMT1, RAB5B, RAP1GDS1, RNF130, RP11-395B7.7, SPCS2, SPIB, SUMO1, TNKS, TPST2, VWA9, WDR54, ZMPSTE24, ZNF708, ERC1, SRI, MIS18BP1, STMN1, CLIC1, ABHD14B, TUBB, SETD1A, CEP104, DDX52, G0S2, GPI, IMP4, OR2W3, ABHD15, ACTR6, ADAT1, ANKRD28, BTBD2, CARD16, CCDC28A, CD7, CIRH1A, COIL, FAM96A, GLIPR2, GSAP, HIC2, ICOS, IVD, MAN2B2, METTL7A, NFU1, PEX1, RAB11FIP5, RAB39B, SEMA7A, SMNDC1, SMOX, SNF8, ST6GALNAC4, TACO1, TRIM37, WDR37, MAML2, SNX8, STX5, MAN1A1, GCC1, NOL7, CSNK1E, POU2F2, ANAPC15, CEP63, DNM1L, EGR1, FRS2, GNG5, GNG7, GZF1, HINT2, HTATIP2, LMNB1, MON1B, NISCH, PDCD2, PRKD3, PRPF4, RAB10, RALA, RFWD2, SKAP2, SLC4A7, SNAP29, SOS1, SSSCA1, TET3, TTN, WDR13, PAX5, TPGS2, CEP85L, APEX1, CEP135, DYNLL1, IGF2R, PPA1, WHSC1, ZHX1, LST1, SOS2, CD27, PPM1K, SOCS3, AHR, ILF3-AS1, KDM5B, TRABD2A, FMN1, SEC11C, S100A9, RRBP1, CSGALNACT1, DIDO1, KLRD1, SMC1A, FOSB, PDIA4, DMXL1, FAM101B, HAX1, LRRC8C, SKI, TSSC4, ITM2C, OS9, MT-CO1, NFKBIZ, CUX1, LYST, SMDT1, WWP1, HSP90B1, STT3B, SAMD3, MZT2B, SENP6, SUB1, SIK1, PPIB, H2AFV, ZKSCAN1, TKT, CTSS, UBE2J1",0.148228200767028,4775
"ROGUE",0.27,0,0.996370843801864,14.7326802704872,6.97936703699834,-0.0630254668402982,0.000358503637183812,NA,0.321240310077519,2.86999999999534,"IGKC, IGHM, IGHA1, IGJ, IGHG3, IGHG1, HSP90B1, HBA2, HBA1, CD74, IGHG2, HBD, PPIB, EPB41, HLA-DRB1, ALAS2, HSPA5, KLF6, LYZ, IGHA2, IGLC3, IL1B, VIM, FTH1, ACTG1, NCOA4, GAPDH, AHNAK, CTSS, DDX21, AC096579.7, WNK1, FOXP1, MKI67, RGS2, CHD2, IL8, IL7R, CD83, HIST1H4C, IFI30, DDX3X, S100A8, HEMGN, BTG2, GADD45B, TRIM58, IGHV3-23, UBE2J1, SF3B1, PLAUR, HBM, RRBP1, CAST, NFKBIZ, SLC25A37, AHSP, SEC62, LST1, SLC4A1, EFHD2, ACTB, KMT2A, SUB1, MXI1, LTB, JUN, IGLV2-11, HBG1, P4HB, SYNE2, SEPT7, PSAP, CYBA, SELENBP1, LDHB, IGHD, EIF3H, SSR4, S100A9, HLA-DPB1, RUNX3, MZB1, BDP1, SRSF2, PDIA4, RNA28S5, CCR7, HLA-DRA, CD79A, MTDH, TNFAIP3, KRT1, ARID4B, TRIP12, BCLAF1, TUBA1B, TNRC6B, MZT2B, PDE4B, FOSB, ITGB2, MAFB, TNS1, FAM65B, ZC3H11A, NAP1L1, RPL28, SENP6, IGKV3-15, CCDC69, JMY, REST, H2AFV, STMN1, GLG1, KMT2E, TKT, ANXA11, SET, OPTN, MAN1A1, ADD3, TUFM, BCL11B, RPL22, TTC3, UBE2H, IER3, SPEN, SMCHD1, CD53, RBL2, PRDM1, CDKN1A, BIRC3, G3BP2, PDE4D, ITM2C, OS9, BNIP3L, ENSA, RBM25, EREG, SPCS3, SAMD3, KPNB1, HSPA4, FMN1, PLEK, PRKCB, TNFRSF1B, GLRX5, ZKSCAN1, TPI1, EP400, TAGLN2, MKRN1, GSTP1, PRPF4B, EIF3G, NR3C1, H2AFZ, CLIC1, PSMB8, SPOCK2, NR4A2, BLVRB, DMTN, DUSP1, RSF1, PTPN1, PHF3, MARK3, EP300, CSNK1E, POU2F2, MRFAP1, UBE2D2, ZBTB21, ZCCHC11, RPL36, SOS2, NCOA1, TMF1, SSR1, TPRG1L, SMC4, TUBB, FECH, SEC11C, MAML2, LINC00657, STAT3, GSPT1, SNHG5, IRS2, GCC1, SPTBN1, ANKRD12, SLC38A1, ARID5B, ENO1, NCOR1, PPP2CA, STT3B, ZHX1, THRAP3, PTP4A1, NIPBL, CHD6, CD27, SMARCE1, DLGAP5, GTSF1, IGHV3-74, UQCRB, CD300E, IGLV6-57, VCAN, SLC2A3, SOCS7, CSGALNACT1, SMC1A, SIK1, MAP1LC3B, MYBL2, NR1D2, COMMD4, ZSCAN29, ZFP36L1, FOXN3, SH3BGRL3, MT-CO1, GIGYF2, NDUFA2, LUC7L3, FAM210B, MAPKAPK3, PRDX4, UHRF1BP1, CUX1, LYST, SMDT1, WWP1, CA1, RPN2, RNF213, BHLHE40, PPP1R12A, RASA3, GCC2, KDM6A, RILPL2, UBXN7, FAM53B, ANXA1, ORAI1, RIOK3, SERF2, CDC42SE2, EMP3, TMED10, TUBB2A, ZNF217, SRRM2, PNISR, EIF4G2, PITPNC1, ZNF106, MIS18BP1, PPP1CC, SON, C12orf57, WDR33, ABHD14B, PCM1, EMC3, HERPUD1, YTHDC1, SUZ12, B4GALT1, F2R, SSR3, NOL7, MT-CO3, ISG15, TOR3A, UHMK1, AHI1, NLRP3, FCRL1, CEP85L, DNAJC3, HLA-DRB5, MARCKS, SDF4, YBX3, PPP1R9B, UBAC1, UBE2M, PTGS2, TC2N, SESN3, NIN, NDUFS5, XBP1, LONP1, MARK2, SELO, TNF, ZCCHC10, BAZ1A, RGS16, DHX36, C5AR1, CALU, KLF1, NOM1, SENP2, WDR75, CNOT7, GBP5, WIPF2, ERC1, SRI, DIDO1, KLRD1, ZNF148, CEP104, DDX52, G0S2, GPI, IMP4, OR2W3, SETD1A, DBI, DIS3, HIST1H1D, KLF12, RAB1A, ZBTB10, SNX8, STX5, CEBPZ, OSBP2, SNCA, WBP11, IL16, UBTF, PAX5, TPGS2, DDX1, SYK, APEX1, CEP135, DYNLL1, IGF2R, PPA1, WHSC1, SAP18, CSGALNACT2, ITGA6, RALGPS2, BPGM, CCND2, FOXO1, S100A10, TUBB1, UBL3, MGEA5, AHR, ILF3-AS1, KDM5B, PPM1K, SOCS3, TRABD2A, MSN, SH3KBP1, SAMHD1, CBX4, CD63, NRD1, PQBP1, RALBP1, DMXL1, FAM101B, HAX1, LRRC8C, SKI, TSSC4, HMGB2, CDC34, CHMP1B, HTATSF1, MMP24-AS1, TGOLN2, ADCK3, C10orf12, CEP120",0.126596732629226,4201
"ROGUE_n",0.405,0,0.996370843801864,11.4137946345101,8.42409397883194,-0.0821042053458219,0.0273786912244246,NA,0.328372093023256,7.3399999999674,"IGKC, HBA1, UBB, IGJ, CD74, IGHA1, ALAS2, HSP90B1, MALAT1, FTH1, IGHM, RPS5, IGHG1, HBD, HLA-DRB1, CCL5, CXCR4, PABPC1, EPB41, RPS18, AHNAK, GNLY, RPL19, KLF6, EEF1A1, HLA-B, RPLP0, RNA28S5, PPIB, PSAP, C9orf78, RPL5, RPL3, RPS2, HLA-DPB1, HLA-DRA, LYZ, CTSS, IGHG2, DDX21, CD247, EZR, NFKBIA, IGHG3, RPL34, FAU, JUNB, ANKRD12, MT-RNR1, LCP1, HSPA5, RGS2, TNFAIP3, RPL6, VIM, IL1B, JUN, RPS27, RPL7A, ANXA1, RPL12, CHD2, ZNF331, DUSP2, YBX1, TMSB4X, SYNE2, CD83, IGHA2, AKAP13, MXI1, UBC, TNFRSF1B, NCOA4, CD44, RPS20, ARPC2, CST7, PRPF38B, RPLP2, HLA-C, SPTBN1, IGLC3, U2SURP, GAPDH, RPL28, UBTF, SF3B2, SAP18, TNIP1, PLAUR, FTL, CD79A, MKRN1, RPL31, ARHGAP30, DIAPH1, FOXP1, PTP4A2, RUNX3, PRKX, FNBP1, ITGB2, FYB, PIK3R1, GZMB, IL8, PRKCB, FCGR3A, WNK1, CBX4, H3F3B, EP400, YTHDC1, JUND, PLEK, CAST, SMAP2, S100A9, RPL36, TAOK1, SLC25A37, ACTB, B2M, IK, GPRIN3, EIF3H, IGHD, NFKB1, GADD45B, LST1, KIAA2026, NIPBL, RBM25, MTMR6, SF3B1, HBM, BCLAF1, SON, ZFP36L1, BRD2, HEMGN, CD6, PTP4A1, SMARCA2, MRFAP1, PARK7, C5AR1, SELENBP1, ANKRD13A, RGS1, TMX4, ISCU, RPS21, SOD2, ABCF1, DDX3X, TRBC2, SRP14, BDP1, CCDC69, ARRDC2, TKT, FOSB, EIF3G, AHSP, KMT2A, RPL41, CNPY3, IFI30, PRRC2C, CCDC12, SF3B5, TES, ITM2B, PRPF40A, SLC3A2, SCP2, IQSEC1, ACTG1, SYNE1, DDX6, GTF3C1, LRRFIP1, GLRX5, CDKN1A, IL7R, NUCB2, NR4A2, S100A8, UBE2D2, ARID1B, NCL, RPS13, GNB2L1, SRPR, GNA13, ZNF281, PLEKHO1, SMARCA5, TGFBR3, RBM39, USP34, KDM2A, SAMD8, TCF7, EIF4G2, MARCKS, CCL4, EIF3A, ATP2A2, FLII, MTDH, TNRC6C, WAC, FLNA, RPL27, TRAPPC6A, MGAT1, EEF2, TGFB1, CFL1, ADCK3, NUMA1, OSER1, SPOCK2, PPP1R12A, TYROBP, PRF1, BEST1, CA1, OPTN, FGFBP2, SPATA13, GZMH, EIF3L, UBE2G2, ARHGEF12, DUSP1, GCC2, REST, CD86, INO80D, RALBP1, GPR56, DCP1A, ARL8B, IDI1, BCL2A1, KIF22, SQSTM1, CUL2, ATXN1, CEBPZ, ARPC5L, SSR1, CD4, GZMA, ZNF267, BNIP3L, ARID4B, PPP6R3, FOXO1, ARAP2, AIP, PKM, NRIP1, CD81, C6orf48, CD300E, RSRC2, MAP3K3, MAFB, EMC4, TLK1, IER2, SEMA4D, RNF19A, TMBIM6, BCL11B, PRPF8, TAPSAR1, ING3, APEX1, C17orf76-AS1, CSGALNACT1, IER3, PTPRA, CXCR5, ZC3H11A, TSC22D3, S100A6, TRIP12, ADNP, ZRANB2, IRF2BPL, EXOC7, PPP1R16B, MRFAP1L1, PIK3CA, FAM32A, SMC5, PTPN12, ZNF622, CD151, RPL26, NOL8, UHMK1, CTSO, SKAP2, TPI1, ASH1L, SEPT9, SH3BGRL, AC096579.7, PPP2CA, CIR1, ZNF92, HBG1, CLIC1, RHOH, KAT6A, UBE2I, STAG2, SLC44A2, PRKAR2A, PNN, CIB1, C12orf23, OTUB1, CAND1, PNISR, IGKV3-15, PICALM, SREK1IP1, EFHD2, MACF1, NDUFA4, ARPC1B, MYH9, P2RY8, BASP1, SERF2, FAM96A, KIF2A, ITPRIP, NUBP1, CELF2, SUPT5H, ZC3H14, SEPT7, XRCC5, C21orf2, RAP2B, CXCL3, ZC3H12A, RBPJ, PHF15, VEZF1, SND1, THEMIS2, DENND6A, SH3BGRL3, STMN1, IER5, DLGAP4, ETV3, CUX1, SSH1, GXYLT1, ZNF641, IKZF1, TOX4, YBX3, UTRN, AXIN1, SRRM2, SIGIRR, ELK4, HLA-DRB5, UBE2Q1, NKTR, SEC24B, FCN1, WBSCR22, TMEM127, CREM, CDK12, HIST1H1D, BHLHE40, WBP11, TET3, LTV1, SOCS7, SET, NAMPT, RHOG, TRMT112, WIPF2, ARHGAP5",0.128713596630293,2595
"Seurat_vst",0.0275,0,0.996370843801864,28.5213261512881,66.3151633140393,-0.156194234729132,0.0113304824242257,NA,0.318746120422098,2.27999999996973,"IGKC, IGHA1, HBB, IGHG3, LYZ, IGHG1, IGJ, IGHG2, C21orf2, IGLC3, PLD1, SOCS7, EPPIN, DNASE1, IGHM, TGFB3, RPUSD4, ALKBH8, MOSPD3, CXCL3, IGHV3-7, IGHA2, IGHV3-9, CD300E, ZNF641, BZRAP1-AS1, FAM189B, LRP2, ZNF587, CXCL2, PSTK, RNMTL1, FCN1, VCAN, KAT5, LINC00426, PIAS2, AC096579.7, HBG1, GTF3C3, ACTA2, IL8, PHF23, SPRYD7, NLRP3, ALDH5A1, CDT1, TBC1D17, PBX2, C5AR1, PBX1, RP11-25K19.1, CRYL1, EP400, ZNF561, TMEM168, PMS2, RB1, ORAOV1, HBA2, IL1B, TRAF3IP1, IGHD, SLC16A3, LEPREL4, PTCHD3P1, FFAR2, ASTE1, C6orf47, FAM222B, C18orf25, TUBE1, AHI1, SLC38A9, ARHGAP10, IGKV1-5, MROH1, LYRM1, RGS18, LRRC24, ADHFE1, C1orf216, SNAPC5, ARSD, CD86, PYROXD2, ISG15, SDC3, PHLDA1, TCAIM, SDF2, GCFC2, PSAT1, MAPK8, MCM8, IFNG, OSBPL1A, ELP3, AP1S1, LDB1, CYP1B1, SLC39A13, RP11-849H4.4, MCM3AP-AS1, TUBGCP4, PSMB5, ALDH6A1, TMEM229B, ZW10, SNX14, LRRK2, PLAUR, PTK2, ATR, PHGDH, NOC4L, ZNF568, ZNF92, PEF1, ARNT, PTGDS, FXN, DNAJC27, NAGLU, HOMER2, PRR3, FCRL1, WRAP73, FAM96A, INTS7, ABHD4, APOBEC3A, TMEM106A, THBS1, HVCN1, FLII, AK1, SLC7A7, CNTLN, PHLPP2, ZNF575, ABCC5, CENPF, RP5-886K2.3, HDDC2, B4GALT4, NDRG2, IGLV6-57, ADK, DECR1, KANK2, B3GALT4, NAPRT1, FCRL5, TOP1MT, ZFAND4, RP11-192H23.7, LIMS2, MAFB, PLBD2, MTMR1, FAM132B, IFI30, SLC43A3, TECPR2, C16orf62, HEMGN, MRPS33, IL1R2, CTC-205M6.5, WDR5B, CNTNAP2, KIR2DL3, THADA, CLDN5, PINK1-AS, DLG5, CSTF1, FAT1, AC108488.3, PLCL1, NDUFB1, GABPB1-AS1, CD151, CTD-2228K2.5, CYB5A, IGHV3-23, SCP2, HEBP1, MED18, AIFM1, NICN1, ZCCHC18, TCHP, TCF7L2, EREG, RP11-16E18.3, AFMID, CACHD1, GUF1, TOR1B, TWSG1, GREM2, KIF5C, CCR4, TPRG1, MSANTD3, PIGO, PARD6G, AKAP7, ZNF182, PCGF6, SRGAP2, TCL1A, TRAPPC3, RP11-47L3.1, ZNF226, UTP11L, FAM193B, TET3, RP4-612B15.3, CTSO, ZNF544, NPIPB5, ALG6, RP11-38P22.2, HDHD2, SPTLC1, BRF1, PARD6A, SMIM4, STARD3NL, S100A8, MAP7D2, PDPR, CEP85, YEATS2, TXNDC16, SETD5-AS1, SARM1, HMGCS1, PCYOX1L, XCL2, TTC12, STAM, AP000350.4, NDUFAF7, VPS9D1, MFSD11, NOMO1, CXorf40A, DLGAP4, CENPH, PELI3, MTHFD1L, RNF126, NAF1, SKAP2, FBXO2, CTB-61M7.2, SIPA1L2, WRN, KLC4, SIGMAR1, MYL6B, VIPR1, GLMN, PDXDC2P, AGTRAP, RP11-571M6.8, THBD, ZNF513, ALS2, C1GALT1C1, RRAGA, LINC00341, HSD17B12, CTNNAL1, DHPS, ACOT7, INPP5B, SPOCD1, ZNF799, ZNF251, AP2A2, NUDT22, MUM1, ITGAX, WDR12, SMIM20, MLH1, PHC2, HOMER3, HIRA, NAV1, EMR2, GTF2H1, TMEM5, ZFP82, CD74, EPS8, GTF2E2, CTD-2541M15.4, COX7A2L, RBFA, NOC2L, GRK4, CD302, POMGNT2, ZNF557, SCAMP1, ANKRD28, RP11-894P9.1, C11orf63, FNIP2, HSP90B1, FRG1B, DDX43, POLR3E, UPF3A, CNP, SLC31A1, RP11-296I10.3, EYA3, CORO1C, AC010761.8, HEMK1, CHML, NLRX1, FAM47C, FBXL6, FRMD4A, FBXL12, ADAM9, COMMD10, ERVK3-1, DNAJC14, FAM73B, PODXL, ROGDI, INHBA, NUBP1, STMN3, GMFB, PITRM1-AS1, HBA1, FAM21A, NUP160, ASH2L, TEX261, SNAPC2, IFT88, PRKAB2, ARL15, MCCC2, TCEANC, SULF2, PPAN, DNAJC18, SMN1, VPS72, KIAA0513, APAF1, ENDOG, PABPN1, SPHK1, TMCC2, NLE1, ZNF565, SYNJ2BP, IFITM3, CSF3R, SRD5A3, CCHCR1, MRPL45, COPG1, EML2, GFI1, MAPKBP1, ZNF83, DROSHA, CEBPD, LINC01003, BAHD1, TTC22, PEX7, SMC2, RP11-498C9.3, ASB6, TUFT1, OPN3, PICALM, ZBTB32, INTS2, ZFP69, RAD17, LST1, GLIPR2, CD93, U2AF2",0.267016399892117,1735
"Seurat_sct",0.045,0,0.996370843801864,7.24144261364867,11.1034505650234,-0.253294879217626,0.00611658955803241,NA,0.310454401016841,16.0200000000186,"TMCC2, XK, CMAS, REXO2, PLEK2, HBG1, SMIM1, TANGO2, PPP3CB, ZER1, JHDM1D-AS1, PPBP, STK11, PSMD5, HEMGN, FHIT, ELOF1, RAP1GAP, IFRD2, ERMAP, PTGS1, KLC3, CD151, IGKC, RMDN3, RAB3IP, SPTB, SMOX, DCTN4, RNF123, DROSHA, NQO2, LASP1, USP20, ECI1, VCL, ULK4, EXOG, IGHG3, TALDO1, H1F0, IGHA1, TNK2, TFDP1, MED16, MPPE1, CA1, OR2W3, MAN2A2, NOTCH2, AHSA2, UBE2M, SETD5-AS1, SIT1, GNG11, H2AFJ, OSBPL5, UBE2A, ASAP1, GPR146, YIPF6, CDYL, ATP6V1D, NEDD4L, UROD, SLC6A8, MAT2A, MICAL2, WDR45, AP1S2, RNF214, ATG16L2, DECR1, ABCC4, POLR3G, TXNL4B, PHYKPL, LINC00341, CLP1, CCZ1, EP400, MOSPD1, RGS18, TTC21B, RRAS, GPATCH1, BCL2L13, SLIRP, COQ4, AC004893.11, CCS, TMEM147, CDCA7L, PSMD13, E2F2, COX7A2L, RXRB, IFIT1B, MICB, KB-1208A12.3, CLU, FAM20B, CHIC2, HBM, GUF1, TOX4, RCHY1, IGJ, IFT52, ZNF236, ANAPC4, CISD2, GTF2H3, ZNF282, CHML, EXOSC8, C7orf41, SNTB2, ST6GALNAC4, SLC1A5, RNASEH1, STRN3, LNX2, CREG1, MTMR3, FAM96A, KRT1, MPG, AP2A1, CD226, BLVRB, ABHD15, IGHG1, TRIM23, IGHG2, WDPCP, CPEB2, RALGAPB, AHSP, CARKD, CCDC28A, ARF3, MFSD11, DDX60, RILP, FN3KRP, RINL, MGST3, CASP8, CYB5A, DNASE1L1, ZNF275, TMEM134, UBBP4, TCHP, GLRX5, WDR13, IFITM1, FBXO41, C21orf59, PPFIBP2, DPH3, STX18, P4HTM, C17orf103, OAZ2, HBA2, TANC2, FAM3A, TSPAN17, C15orf57, FAXDC2, MMADHC, ZFP1, DCLRE1C, TOP1MT, C2orf15, STAM2, FAM83A, VKORC1L1, FECH, ACSL4, GMPR, ARFGAP1, PSTPIP1, AP003068.9, SPCS2, CHTOP, ENDOD1, ASPH, MAP2K4, AGK, ANK3, MED17, CYTH2, PPOX, STRADB, DAAM1, XPO4, CUL4A, LYZ, SELENBP1, BABAM1, BPGM, DDX19B, HDDC2, RUVBL2, CD59, PDZK1IP1, KAT2B, ENY2, SRA1, IFIT3, EPB42, HES1, NOL11, RNF130, NDUFS7, SCML4, TUBB2A, SF3A2, TDP2, SRP19, SPARC, YOD1, P2RY11, RBX1, TSHZ2, SDE2, DCK, IGHA2, ZBTB25, CTD-2336O2.1, HGSNAT, PSMD9, AC007390.5, PNP, KIAA0232, API5, BSG, RP11-297H3.3, WRNIP1, MRPL48, C7orf49, UBE2W, AFAP1, SESN1, GNL1, MXD1, R3HDM4, PNPLA2, SNHG7, HBA1, LGALS3, SUGT1, HMBS, NAA16, ASCC2, TLK2, OSBP2, TXNDC15, PCTP, MAK16, PKN2, TSPAN32, COMMD1, SNX19, DYNLT1, SNCA, DNAJC19, DPM1, ACOX1, AK3, FOXO3, C1orf35, TSPAN5, PNOC, DNASE2, E2F3, DCUN1D1, LINC00570, ZNF669, ZBTB18, CAPRIN2, OSBPL9, BLOC1S1, TNS1, LRRC8A, PDCL, CARD16, SLC4A1, LRRC14, RNF14, SLC39A10, DDRGK1, SCML1, CTSB, PITHD1, TOMM22, NKIRAS2, RPA1, C1orf63, PPP1R3D, IL21R, PDCD11, ZCCHC8, IFT122, BMP2K, SPECC1L, SIAH2, ARL4A, PWP2, MPP1, UBXN6, WDR7, METTL21A, NUP153, TP53INP1, TRIM58, DDHD1, ZDHHC3, FCGBP, ALAD, OSBPL7, XRN1, SLBP, CGRRF1, MBD1, TMEM115, PMM1, TRIM10, P2RX4, KLF1, RBM5, SHARPIN, PMM2, DMTN, OSBPL10, ACTR10, FAM217B, DLGAP4, TSTA3, MKNK1, GLOD4, UIMC1, DYNLL1, RNF167, HTT, PDLIM5, FOXO4, FAM60A, SLC8B1, SIDT1, TAB3, COX11, TBCEL, CHCHD1, NAA20, APOA1BP, COG1, ZNF32, PCMT1, LYL1, ZNF518B, DDX56, ATP5J2, CDC42BPB, TOMM70A, LYPD3, PRKAA1, NUP155, HAGH, RHOBTB2, SMC2, ITGA2B, ANKRD32, CORO7, TATDN2, AGAP3, ZNF746, GPANK1, TMEM181, CCDC130, NFIX, METTL23, CCDC64, OXLD1, PTPRJ, RRP12, TMEM42, KLRC2, TOP2A, ALAS2, MTIF3, EHD4, VPS35, CD82, IGHM, C14orf169, PPP6R3",0.130179474098076,3640
"Seurat_disp",0.165,0,0.996370843801864,133.64524933663,31.0250766049801,-0.15443785015599,0.0243071942117602,NA,0.327441860465116,1.69000000000233,"HBB, IGHM, IGKC, IGHG3, IGHG1, IGHG2, IGHA1, IGJ, IGHA2, LYZ, AC096579.7, IGKV3-15, HBA2, CD300E, IGHD, IGLV2-11, HBG1, HEMGN, IGLV6-57, CTC-241F20.3, IL8, IL1B, UBB, VIM, HBA1, MT-RNR2, CD74, LRRN2, MEX3A, RP11-61A14.1, HSP90B1, IGHV3-7, RPUSD4, MALAT1, SOCS7, C21orf2, C18orf25, IFI30, RNF126, FLII, IGLC3, EP400, SLC38A9, FAM219A, XXbac-BPG252P9.9, RPS6, DNAJB4, TRAV26-2, PLD1, DUSP18, SLC7A8, WRB, CTD-3222D19.11, HLA-B, TGFB3, IGHV3-9, CXCL2, CXCL3, ERCC2, HBD, PANX1, TET3, B2M, PIGO, FTH1, FCRL1, TCEANC, IFI44, EPPIN, ISG15, DNASE1, C6orf48, LST1, RGS18, SLC7A7, MOSPD3, RPS11, GREM2, TPT1, TKT, RP11-524F11.2, TMEM161A, RPL19, ALDH6A1, LINC00426, TCAIM, LILRA3, ZNF414, DECR1, WDR37, CCR4, ORAOV1, RNMTL1, ASTE1, RPS2, AP003068.9, ARHGAP10, SDF2, ALKBH8, PPP2R5B, RP11-481J2.2, NCOA3, RPS5, MIS18BP1, SMIM5, PBX1, GTF3C3, RNU4-2, RPS4X, ARSD, COQ6, PTP4A1, BZRAP1-AS1, NOC4L, S100A8, LYPD1, PACRGL, UBE2D1, CNP, FCN1, HBM, EEF1A1, PPIB, PHF23, C6orf47, BRCA1, JDP2, RP11-705C15.3, STARD9, ELP3, RPS18, AC018742.1, MMP25, RP11-350N15.5, RPL3, KAT5, TPGS2, ALAS2, SPTBN1, ZNF587, ZNF568, MRPS33, PIAS2, CTD-2587H19.1, GPR141, KCTD1, PLXNA4, RP11-603J24.17, TRGV5, NLRP3, BANK1, ZNF641, RPS14, CSGALNACT1, PACS1, LDB1, HTATIP2, SNX14, AC012065.7, CLC, INPP5F, IKZF1, MGAT5, AC132186.1, KNTC1, NECAB1, KLF6, RPL8, IGHV3-23, C5AR1, BMPR1A, PER2, RPS12, ALDH5A1, RPL11, PTGS2, MAPK8, TUBGCP4, CBX4, PLCL1, IGF1R, FAM96A, CCL5, SIRT7, RP11-222K16.2, RB1, HLA-DRB1, DLL1, PABPC1, ZNF92, KANK2, NUDT22, PHC2, AC007880.1, SLC35E1, SMPD4, IGHV3-33, KRBOX1-AS1, RAD51B, TSPAN9, ZNF256, HDDC2, PSAP, CD86, PDCL3, ASB6, ACTA2, RPL31, RPLP0, PLAUR, ZBTB32, MAFB, WDR5B, FAM189B, SIGMAR1, BLVRB, GRAMD4, RP11-580I16.2, RP11-540B6.6, G2E3, MLF1IP, PTPN13, RP11-279O17.1, GBP3, RPLP2, AHNAK, CCL4, ZFP82, DHRS1, FAM66C, ROR2, RP11-356I2.4, ADK, SCP2, ZC3H4, MYPOP, HLA-E, RPS3, GLIPR2, ASAP3, METTL15, WDR76, DROSHA, SEMA5A, RPL18, MINK1, UBE2M, TMCC2, ENDOG, TRAF3IP1, SSR1, AHI1, LINC00341, S100A9, GNLY, ANKRD28, EIF4ENIF1, MTHFD1L, MSTO1, DNAJB5, L2HGDH, NFKBIL1, RP11-290L1.3, RP11-468E2.5, RP11-677M14.2, LRP2, TCHP, RPL13, CPEB2, ERC1, UBASH3A, MARCKS, RPL27A, TNFAIP3, MTMR1, IER3, SELO, ANXA1, UBP1, HLA-C, SRI, PRIMPOL, HSPA5, TSC22D4, ZNF548, CRYL1, PSTK, VCAN, UBC, TRAPPC3, AIFM1, TMEM168, MCM8, NFKBIZ, SETD5-AS1, TOP1MT, PKIA, AC104841.2, CXCL6, DGAT2, GPR55, GSG2, HOXA1, IGKV2-24, IGKV2D-24, KRTAP10-4, LAT, RNU4-1, RP11-210M15.1, RP13-614K11.1, RP5-940F7.2, RP5-977B1.11, SCHIP1, SLC27A1, SLC38A6, SLC8A3, CXCR4, HLA-DRA, FAM222B, CSTF1, SLC16A3, RPL12, NFKBIA, SPRYD7, MSH2, RPL13A, ABCD1, DTWD1, KCTD19, MAPK11, RUNX2, SSFA2, ADHFE1, PPIF, IGKV1-5, CARD16, NDEL1, DENND6A, CDT1, FOSB, B3GALT4, ZNF699, C18orf63, ISOC1, LINC01007, NUTM1, GPATCH8, HEBP1, PRKCQ, C11orf58, PTMA, BRF1, ATP2A2, CD151, CTSS, BAHD1, SMIM4, STAM, RPL30, PDPR, MARCKSL1, STMN3, C4orf29, SPTLC1, COX7A2L, C11orf31, JHDM1D-AS1, TRAPPC6A, PYROXD2, MED15, SNX9, NUCB2, AC104809.4, ANKRD46, C1QL4, CRYAB, CTC-523E23.11, ENTPD3-AS1, GPR115, L1TD1, MED4-AS1, RP11-157P1.4, RP11-566E18.3, SHISA9, ST8SIA6, VWA3A, ZNF677, UBE2D2, RPL4, GTPBP10, HVCN1, SDC3, IER5, KB-1208A12.3, PBX2, OSBPL1A, ABCC4, AC009948.5, AC079767.4, CCBL1",0.219020948318898,2901
"scVEGs",0,0,0.996370843801864,91.7287818488043,7.29368932712398,-0.300639635631483,0.000676841844178482,NA,0.469387755102041,5.80000000004657,"GMPR, HELLS, HELZ2, HEMGN, HEMK1, HEPACAM2, HHEX, HIAT1",NA,0
"SCHS",0.7225,0,0.996370843801864,174.524675643238,3.79896197612887,-0.00720753284855106,0.0306524384515347,NA,0.331782945736434,14.9100000000326,"HBB, HLA-B, RPS11, RPL18, B2M, TPT1, RPS3, RPS6, RPL11, HLA-E, RPS18, PTMA, RPS2, RPL3, CD74, RPS4X, EEF1A1, RPL4, RPL31, RPL19, RPL27A, RPS19, RPS5, RPS12, RPS14, RPS16, HBA2, UBB, RPL30, RPL13, RPL8, MALAT1, MT-RNR2, RPL13A, RPS27A, RPLP0, RPL12, RPLP2, UBA52, PABPC1, HLA-A, RPL5, RPL32, HBA1, GNB2L1, RPLP1, RPS21, CXCR4, RPS8, EEF2, IGKC, RPS23, RPL14, RPL23, RPL34, GLTSCR2, RNA28S5, BTG1, TMSB10, CCL5, RPL35A, RPL35, FAU, RPL7A, RPL9, HLA-C, HSP90B1, IGJ, FTH1, ALAS2, TXNIP, RPS15, RPL21, GNLY, H3F3B, NFKBIA, EZR, RPL10A, RPS27, RPL27, RPL18A, HLA-DRB1, RPSA, RPS20, PIK3R1, EEF1D, RPS13, SLC25A37, NCL, RPL7, EPB41, RPL15, EIF1, ZNF331, PRRC2C, TNFAIP3, RPS24, IGHA1, UBC, CALM1, RPS9, MYL6, HLA-DPB1, ARL4C, RPL38, RPL24, PTPRC, ARPC2, CD83, RPL6, HSP90AA1, RPS7, RBM39, HBD, PPIB, RPS25, PSAP, OAZ1, HLA-DRA, LAPTM5, EIF4B, RPL10, NCOA4, ATF4, SYNE2, TMSB4X, CD247, HNRNPA1, RPL26, JUNB, RPS29, COX4I1, RPL23A, C5AR1, EEF1B2, RGS2, RPS3A, NPM1, LCP1, RPL37A, IL1B, TMEM66, NACA, GUK1, LRRFIP1, FAM126A, RBM25, VIM, DCAF12, YBX3, PFDN5, ETS1, C9orf78, CTSS, FGFBP2, RPL37, DIAPH1, RPL28, HSPA5, MT-RNR1, NEK1, SLC25A39, SRGN, MKRN1, BRD2, MRPS5, FLNA, FTL, ARHGDIB, RPS28, CD37, GAPDH, CD79A, PLAUR, C1orf27, ANKRD12, KMT2E, FAM193B, AKAP13, AHNAK, BCLAF1, STK17B, SMAP2, PRKCB, PANK3, WRAP73, PTP4A2, PPP2R5C, ZNF568, ZFP36L2, BNIP3L, TUBA1C, CECR1, FNBP1, TNFRSF1B, RIPK2, LST1, YBX1, MAP4K2, PRF1, GNAS, SLC38A1, FYB, ZNF513, LTB, AC012065.7, CLC, LYZ, IGHA2, ITGAL, NAP1L1, RPL39, NR4A2, FOXP1, BLVRB, HSP90AB1, OSBPL1A, DDX6, ANP32B, RSL1D1, ITGB2, ZNF776, GMFG, JAK1, RPS10, MTDH, ANXA1, EMD, HNRNPU, ACTB, ZDHHC18, COQ5, SELENBP1, TMBIM6, U2SURP, PIK3IP1, CMTM3, MFF, CARS, FAM46C, GLRX5, IFI30, GZMA, MLLT6, GNPTAB, KLHL9, RAD21, CAST, APOL1, SLC25A6, IL8, IL7R, MACF1, GZMH, JUN, CD44, ARAP2, PDP1, DDI2, LONP1, PTPRCAP, RNF10, DDX21, GSPT1, STMN3, SUN2, TAOK3, SLC2A3, TYROBP, TNIP1, LDHB, FAM219A, XXbac-BPG252P9.9, DUSP1, WNK1, ITM2C, CCR7, ZFAS1, BIRC3, METRNL, DDX5, EIF3L, FCN1, TRIM58, SF3B1, LITAF, YPEL5, CHD2, SLC25A3, CD3D, ANKRD11, RPS15A, BPTF, PDE7A, IQGAP1, HLA-DQB1, SPOCK2, PDIA3, MGAT4A, GOLGA4, CDC42SE2, EREG, TRIM33, AC096579.7, CXCL3, BTG2, MAFB, PSTK, ACTG1, SEPW1, GAS5, TMX4, ARID5A, RNPS1, TCF7, CCNI, PPIG, RUNX3, HERC1, IGHM, CFL1, SPTBN1, SMCHD1, YWHAB, HNRNPA2B1, EIF3A, ADD1, TMED2, SRRM1, SLC25A42, TSC22D3, NUMA1, SCP2, KIDINS220, ADRBK2, ITM2B, DUSP2, ARID4B, ZNF395, BPGM, CHD1, PDCD4, CYTIP, SRD5A3, PLCL1, REST, EDF1, CNBP, SNCA, HNRNPUL2, CYLD, NUCKS1, AC079767.4, RP11-263C24.1, TTC5, FCGR3A, FAM214A, IL10RB, SRSF5, GZMB, KIAA1551, SON, HMGB1, KDM2A, KAT5, DDX3X, HLA-F, ARHGAP35, MPEG1, PRDX4, SEPT7, IKZF1, CDV3, TAX1BP1, CST7, XBP1, YWHAZ, CSDE1, NR3C1, PIP4K2A, HNRNPH3, PDAP1, IQGAP2, PSMD7, RIOK3, SAP18, PIGO, PHF15, WAC, PLEK, TGFBI, TRBC2, CDKN1A, GGA2, RPN2, KTN1, JUND, ARID1B, KLF6, BCL7B",0.117275562540735,11025
"scmap",0.02,0,0.996370843801864,70.9362076335549,19.579305301802,-0.29944242398328,0.0104567759052689,NA,0.320524835988753,0.839999999967404,"ABCB1, ABCC5, ABCD1, ABHD4, AC007880.1, AC009948.5, AC010761.8, AC012065.7, AC018742.1, AC079767.4, AC104809.4, AC104841.2, AC132186.1, ACAT2, ACOX1, ACTA2, ADCK3, ADHFE1, AFMID, AGAP3, AHI1, AK1, AKAP7, ALDH5A1, ALDH6A1, ALG6, ALKBH8, ANKRD46, AP1S1, APOBEC3A, ARNT, ASAP3, ASH2L, ATR, B4GALT4, BRCA1, BRF1, C12orf23, C16orf62, C17orf70, C18orf63, C1QL4, C1orf216, C21orf2, C4orf29, C5AR1, C6orf25, CACHD1, CCBL1, CCDC97, CCHCR1, CCR4, CD151, CD300E, CD86, CDT1, CENPF, CEP85, CERS4, CHST7, CHUK, CLC, CLDN5, CNTLN, CNTNAP2, COQ5, COQ6, CRYAB, CRYL1, CSF3R, CTA-384D8.33, CTB-174O21.2, CTC-205M6.5, CTC-241F20.3, CTC-523E23.11, CTD-2228K2.5, CTD-2587H19.1, CTD-3092A11.2, CTD-3222D19.11, CTSO, CXCL2, CXCL3, CXCL6, CXXC1, CYB5A, CYP1B1, DDX49, DGAT2, DHRS1, DLG5, DLGAP4, DNAJB4, DNAJB5, DNAJC18, DNAJC27, DNASE1, DTWD1, DUSP18, EHBP1, ELOVL6, ENTPD3-AS1, EP400, EPPIN, EPS8, EREG, ERVK3-1, EXOG, EYA3, FAM132B, FAM189B, FAM193B, FAM219A, FAM21A, FAM222B, FAM66C, FANCI, FAT1, FCN1, FCRL5, FFAR2, FNIP2, FXN, G2E3, GABPB1-AS1, GCFC2, GIMAP6, GPATCH1, GPR115, GPR141, GPR55, GREM2, GSG2, GTF3C3, GUF1, GXYLT1, HBA2, HBB, HDHD2, HEMK1, HIRA, HMGCS1, HOMER2, HOXA1, HTT, IFNG, IGHA1, IGHD, IGHG1, IGHG2, IGHG3, IGHM, IGHV3-33, IGHV3-7, IGHV3-9, IGJ, IGKC, IGKV1-5, IGKV2-24, IGKV2D-24, IGKV3-15, IGLC3, IGLV2-11, IGLV6-57, IL10RB, IL1B, IL1R2, IL8, INPP5F, INTS7, ISOC1, JDP2, KAT5, KCTD1, KCTD19, KIF5C, KIR2DL3, KNTC1, KRBOX1-AS1, KRTAP10-4, L1TD1, L2HGDH, LAT, LEPREL4, LIAS, LILRA3, LIMS2, LINC00426, LINC01003, LINC01007, LRP1, LRP2, LRRC24, LRRK2, LRRN2, LSM14B, LTBP1, LYPD1, LYRM1, LYZ, MAD2L2, MAFB, MAP7D2, MAPK11, MCM3AP-AS1, MCM8, MED18, MED4-AS1, MED8, METTL15, MEX3A, MFSD11, MLF1IP, MMP25, MOSPD3, MPDU1, MROH1, MSANTD3, NAGLU, NCS1, NDRG2, NDUFB1, NECAB1, NFATC1, NFKBIL1, NICN1, NLRP3, NOP2, NPEPPS, NUBP1, NUP160, NUTM1, ORAOV1, OSBPL1A, OSBPL5, PABPN1, PACRGL, PBX1, PBX2, PCYOX1L, PDPR, PDXDC2P, PEF1, PELO, PET100, PHF23, PHGDH, PHLDA1, PHLPP2, PIAS2, PIGO, PINK1-AS, PLAUR, PLCL1, PLD1, PLXNA4, PMS2, POLB, POLR3E, PPP2R5B, PPP6R3, PRR3, PSAT1, PSMB5, PSTK, PTCHD3P1, PTGDS, PTK2, PTPN13, PWP2, PYROXD2, RAD17, RAD51B, RBBP8, RBFA, RFFL, RGS18, RHCE, RHNO1, RNFT2, RNMTL1, RNU4-1, RNU4-2, ROR2, RP11-157P1.4, RP11-192H23.7, RP11-210M15.1, RP11-22A3.2, RP11-25K19.1, RP11-263C24.1, RP11-279O17.1, RP11-288H12.4, RP11-290L1.3, RP11-350N15.5, RP11-356I2.4, RP11-468E2.5, RP11-47L3.1, RP11-481J2.2, RP11-524F11.2, RP11-566E18.3, RP11-603J24.17, RP11-61A14.1, RP11-677M14.2, RP11-705C15.3, RP11-849H4.4, RP13-614K11.1, RP5-886K2.3, RP5-940F7.2, RP5-977B1.11, RPUSD4, RRAGA, RUNX2, SARM1, SCHIP1, SCP2, SDC3, SDF2, SEC24B, SETD5-AS1, SH3BP5L, SHISA9, SKAP2, SLC16A3, SLC27A1, SLC38A6, SLC38A9, SLC39A13, SLC3A2, SLC7A8, SLC8A3, SNAP47, SNAPC5, SNX14, SOCS7, SPRYD7, SRD5A3, SRGAP2, SRPR, ST8SIA6, STAG1, STAM, STARD9, TBC1D17, TBC1D9, TCAIM, TCEANC, TCF7L2, TCHP, TECPR2, TGFB3, THADA, THBS1, TMEM106A, TMEM161A, TMEM168, TMEM229B, TNF, TOP1MT, TOR1B, TPRG1, TRAF3IP1, TRAV26-2, TRGV5, TRIM41, TRNT1, TSPAN9, TTBK2, TTC12, TTC22, TTC5, TUBE1, TXNDC16, UBE2D1, UBE3B, UNC119, VCAN, VCPKMT, VPS72, VWA3A, WDR5B, WRAP73, WRB, XXbac-BPG252P9.9, ZCCHC18, ZFAND4, ZFYVE1, ZNF140, ZNF182, ZNF226, ZNF256, ZNF274, ZNF414, ZNF561, ZNF575, ZNF587, ZNF618, ZNF641, ZNF677, ZNF77, ZNF92, ZW10",0.31545216105707,1624
"SIEVE_ROGUE",0.867424242424242,0,0.996370843801864,48.6641253679964,6.21570641561213,0.0219348716422089,0.0469093823744243,NA,0.332093023255814,119.579999999958,"ADIPOR1, AHNAK, AHSP, ALAS2, ANKRD12, ANP32B, ANXA1, ARHGDIB, ARL4C, ARPC2, ASCC2, ATF4, BAG1, BCL2L1, BLVRB, BNIP3L, BPGM, BRD2, BSG, BTF3, BTG1, C9orf78, CA1, CALM1, CAST, CCDC69, CCL5, CCNI, CD247, CD3D, CD44, CD74, CD83, CFL1, CHD2, COX4I1, CSDE1, CXCR4, CYLD, DCAF12, DDX21, DDX24, DDX5, DDX6, DMTN, EEF1A1, EEF1B2, EEF1D, EEF2, EIF1, EIF2AK1, EIF3A, EIF4B, ELF1, EPB41, EPB42, ETS1, EZR, FAM107B, FAM210B, FAM46C, FAU, FBXO7, FECH, FGFBP2, FLNA, FNBP1, FOXO3, FOXP1, FTH1, FTL, FYB, GAPDH, GAS5, GLRX5, GLTSCR2, GLUL, GMPR, GNAS, GNB2L1, GNLY, GSPT1, GUK1, GYPC, H3F3B, HBA1, HBA2, HBD, HBM, HLA-A, HLA-C, HLA-DPB1, HLA-DRA, HLA-DRB1, HLA-E, HNRNPA1, HSP90AA1, HSP90AB1, HSP90B1, HSPA5, IFIT1B, IGHA1, IGJ, IGKC, IL7R, JAK1, JUN, JUNB, KLF6, KMT2E, LAPTM5, LCP1, LITAF, LRP10, LRRFIP1, MALAT1, MARCH8, MATR3, MKRN1, MT-ND4, MT-RNR1, MTDH, MXI1, MYL6, NACA, NAP1L1, NCL, NCOA4, NFKBIA, NPM1, NR4A2, NUCKS1, OAZ1, OPTN, PABPC1, PFDN5, PIK3IP1, PIK3R1, PIP4K2A, PITHD1, PPIB, PPIG, PRPF38B, PRRC2C, PTMA, PTP4A2, PTPRC, R3HDM4, RBM25, RBM39, RIOK3, RNA28S5, RNF10, RPL10, RPL10A, RPL11, RPL12, RPL13, RPL13A, RPL14, RPL15, RPL18, RPL18A, RPL19, RPL21, RPL23, RPL23A, RPL24, RPL26, RPL27, RPL27A, RPL28, RPL29, RPL3, RPL30, RPL31, RPL32, RPL34, RPL35, RPL35A, RPL36AL, RPL37, RPL37A, RPL38, RPL4, RPL5, RPL6, RPL7, RPL7A, RPL8, RPL9, RPLP0, RPLP1, RPLP2, RPS10, RPS12, RPS13, RPS15, RPS15A, RPS16, RPS18, RPS19, RPS2, RPS20, RPS21, RPS23, RPS24, RPS25, RPS27, RPS27A, RPS28, RPS29, RPS3, RPS3A, RPS4X, RPS5, RPS7, RPS8, RPS9, RPSA, RUNX3, SEC62, SELENBP1, SERF2, SF3B1, SF3B2, SIAH2, SLC25A37, SLC25A39, SLC4A1, SNCA, SQSTM1, SRSF5, SUN2, SYNE2, TAX1BP1, TERF2IP, TMBIM6, TMEM66, TMSB10, TMSB4X, TNFAIP3, TNS1, TPM3, TRBC2, TRIM58, TSC22D3, TXNIP, UBA52, UBB, UBC, UBE2H, UBXN6, UTRN, VIM, WAC, WASF2, WNK1, YBX1, YBX3, YWHAB, YY1, ZFP36L2, ZNF331",0.109788197076616,7396
"SIEVE_M3Drop",0,0,0.996370843801864,8.48577428051167,11.6077382447495,-0.438387313732289,0.0134924717367767,NA,0.354166666666667,121.369999999995,"IER3, IGHA1, IGHA2, IGHG1, IGHG2, IGHG3, IGHM, IGJ, IGKC, IGLC3, IL8, LYZ, MKI67, MZB1, PLAUR",0.179313121353917,46
"SIEVE_Seurat_vst",0.2,0,0.996370843801864,35.5944735390225,26.6254239184274,-0.350142112105953,0.013364951565401,NA,0.33006215243703,35.6300000000047,"C5AR1, HBA2, HBB, IGHA1, IGHG1, IGHM, IGJ, IGKC, IGLC3, LYZ",0.223675088278284,16
"SIEVE_Seurat_disp",0.181818181818182,0,0.996370843801864,39.603454061465,13.7242211685323,-0.316431570991424,0.0245139705860429,NA,0.320500164527805,23.960000000021,"ALAS2, ALDH5A1, CA1, GLRX5, HBA1, HBA2, HBB, HBD, IFIT1B, IGKC, MICAL2",0.24216589584068,32
"scLVM_log",0.25,0,0.996370843801864,163.14349911719,17.0220057656542,-0.155111916283849,0.0266136577539869,NA,0.299566294919455,4.94000000000233,"HBA2, HBB, RPL19, RPL3, RPL8, RPS12, RPS3, UBB",0.266181687535472,28
"scanpy_seurat",0.169154228855721,0,0.996370843801864,8.80418085954933,9.69893971604522,-0.0804955081411784,0.00581840685708222,NA,0.325898389095415,0.619999999995343,"ABCC4, ABHD14B, AC096579.7, ACTB, ACTG1, AHI1, AHNAK, AHR, AHSP, AIFM1, AL512428.1, ALKBH8, ANAPC1, ANGEL2, ANKRD12, ANKRD9, ANXA1, APEX1, ARHGAP10, ARID4B, ASTE1, ATF3, ATF4, ATN1, ATP5S, BDP1, BET1L, BLVRB, BNIP3L, BRF1, BTG2, C18orf25, C1orf162, C21orf2, C22orf46, C5AR1, CALU, CARHSP1, CAST, CCS, CD27, CD300E, CD53, CD83, CD86, CDKN3, CDT1, CENPE, CEP104, CEP135, CEP85L, CHD2, CLEC12A, CLIC1, CLP1, CNP, COMMD4, CSGALNACT1, CSGALNACT2, CSNK1E, CTC-241F20.3, CTSS, CUEDC2, CUX1, CX3CR1, CXCL2, CXCL3, CYBA, DDX21, DDX28, DDX3X, DDX52, DECR1, DEFA3, DGKQ, DIDO1, DLGAP5, DLST, DMXL1, DPH3, DVL3, DYNLL1, EFHD2, EIF3H, ELP5, EMP3, EP300, EP400, ERBB2, ERC1, EREG, ETAA1, FAM101B, FAM65B, FBXO38, FCN1, FCRL1, FKRP, FMN1, FN3KRP, FOSB, FOXP1, G0S2, GADD45B, GAPDH, GCC1, GCFC2, GEMIN5, GGA1, GIGYF2, GMPPA, GOLIM4, GPI, GPR107, GSTP1, GTF3C3, GTSF1, GUF1, H2AFV, H2AFZ, HAX1, HBA1, HBG1, HBM, HEMGN, HENMT1, HIST1H4C, HLA-DPB1, HLA-DRA, HLA-DRB1, HMOX1, HRASLS2, HSCB, HSP90AB1, HSP90B1, HSPA5, IER3, IFI30, IGF2R, IGHA1, IGHA2, IGHD, IGHG1, IGHG2, IGHG3, IGHM, IGHMBP2, IGHV3-23, IGHV3-7, IGHV3-74, IGHV3-9, IGJ, IGKC, IGKV2-30, IGKV3-15, IGKV3-20, IGLC3, IGLV2-11, IGLV6-57, IGLV8-61, IKBKE, IL1B, IL7R, IL8, ILF3-AS1, IMP4, INADL, ING2, ISG15, ITGA2B, ITGA6, ITGB2-AS1, ITM2C, JAKMIP1, JHDM1D-AS1, JMY, JUN, KDM5B, KDM6A, KIAA0232, KLF1, KLF6, KLRD1, KMT2A, KMT2E, KRT1, LILRB2, LINC00324, LONP1, LRRC8C, LRRN2, LST1, LTB, LYRM7, LYST, LYZ, MAD2L2, MAFB, MAML2, MAN1A1, MAPKAPK3, MARK2, MCM5, MED22, MIS18BP1, MKI67, MKRN1, MPHOSPH9, MRPS33, MT-CO1, MTA2, MTDH, MXI1, MYBL2, MYH3, MZB1, MZT2B, NAGA, NAGK, NAP1L1, NCF2, NDEL1, NDUFA2, NEDD4L, NEK8, NFKBIZ, NLRP3, NOL7, NOM1, NR4A2, NUP155, OPTN, OR2W3, ORAI1, ORC6, OS9, OSBPL10, P4HB, PARVB, PAX5, PCBP4, PCIF1, PDCD5, PDIA4, PDZK1IP1, PHACTR1, PHC2, PIGX, PIP4K2A, PLA2G16, PLAUR, PLCB1, PLCL1, PLOD1, POU2F2, PPA1, PPIB, PPM1K, PPP1R10, PPP1R9B, PRDM1, PRDX4, PRMT1, PSAP, PTGS2, PTP4A2, PTPN7, RAB5B, RALGAPA1, RALGPS2, RAP1GDS1, RB1, RBFA, RDH11, REC8, RGS18, RGS2, RILPL2, RIOK3, RNF103, RNF130, RNMTL1, RP11-38P22.2, RP11-395B7.7, RP5-1071N3.1, RPL28, RPUSD4, RRBP1, RUNDC3B, RUNX3, S100A12, S100A8, S100A9, SAMD3, SEC11C, SEC14L4, SEC62, SELENBP1, SELO, SENP2, SENP6, SEPT7, SERF2, SETD1A, SF3B1, SIGMAR1, SIK1, SKI, SLC20A2, SLC25A39, SLC25A4, SLC35B2, SLC38A9, SLC43A3, SLC4A1, SLC7A7, SLC9A9, SMC1A, SMC4, SMDT1, SNX8, SOCS3, SOCS7, SOS2, SPCS2, SPCS3, SPIB, SRI, SRSF2, SSR4, STMN1, STT3B, STX5, SUB1, SUMO1, SYNE2, TBC1D32, TC2N, TIMP2, TKT, TMCC2, TMED10, TMEM120B, TMEM18, TNF, TNKS, TNRC6B, TOP1MT, TOR3A, TPGS2, TPST2, TRABD2A, TRAPPC3, TRIM39, TRIM58, TRIP12, TTC3, TTLL5, TUBA1B, TUBB, TUBB2A, TUFM, UBA1, UBAC1, UBB, UBE2D2, UBE2J1, UBE2M, UBXN7, UHRF1BP1, UNC50, VCAN, VIM, VPS29, VWA9, WDR54, WDR59, WDR75, WHSC1, WNK1, WWP1, YBX3, ZBTB17, ZBTB21, ZC3H11A, ZCCHC10, ZFC3H1, ZHX1, ZHX2, ZKSCAN1, ZMPSTE24, ZNF185, ZNF217, ZNF337, ZNF484, ZNF641, ZNF708, ZNF778, ZNF808, ZNF813, ZSCAN29, ZUFSP",0.147038844879524,4574
"scanpy_Pearson",0.0625,0,0.996370843801864,111.490162527212,9.19117765959318,-0.14006618857451,0.0189353366217501,NA,0.321251548946716,1.5,"ABCC4, ABCC5, ABHD4, AC010761.8, AC096579.7, AC108488.3, ACOT7, ACTA2, ADAM9, ADHFE1, AFMID, AGTRAP, AHI1, AHNAK, AIFM1, AK1, AKAP7, ALAS2, ALDH5A1, ALDH6A1, ALG6, ALKBH8, ALS2, ANKRD28, AP000350.4, AP1S1, AP2A2, APAF1, APOBEC3A, ARL2, ARNT, ARSD, ASH2L, ASTE1, ATR, B4GALT4, BRF1, BZRAP1-AS1, C11orf63, C16orf62, C18orf25, C1orf216, C21orf2, C22orf29, C5AR1, C6orf25, C6orf47, C9orf117, CACHD1, CCDC97, CCHCR1, CCL23, CCL4, CD151, CD300E, CD74, CD86, CDT1, CEBPD, CENPF, CEP85, CERS4, CLDN5, CLIC1, CNP, CNTLN, CNTNAP2, COMMD10, COQ5, CORO1C, CRYL1, CSF3R, CSTF1, CTB-61M7.2, CTC-205M6.5, CTD-2228K2.5, CTD-2541M15.4, CTSO, CTSS, CXCL2, CXCL3, CYB5A, CYP1B1, CYP2R1, DDX43, DECR1, DENND6A, DHPS, DLG5, DLGAP4, DNAJC18, DNAJC27, DNASE1, DPCD, EEF1A1, EHBP1, ELP3, EML2, EMR2, EP400, EPPIN, EPS8, EREG, ERVK3-1, EYA3, FAM132B, FAM189B, FAM193B, FAM21A, FAM222B, FAM73B, FAM96A, FANCI, FAT1, FBXL6, FBXO2, FCN1, FCRL1, FCRL5, FFAR2, FLII, FNIP2, FRG1B, FRMD4A, FTH1, FXN, GABPB1-AS1, GCFC2, GFI1, GJB6, GLIPR2, GTF3C3, GUF1, GYPA, HBA1, HBA2, HBB, HBD, HBG1, HEBP1, HEMGN, HEMK1, HIRA, HIST1H2AC, HLA-B, HLA-DRB1, HMGCS1, HOMER2, HOMER3, HSD17B12, HSP90B1, HTATIP2, HVCN1, IER3, IFI30, IFNG, IGHA1, IGHA2, IGHD, IGHG1, IGHG2, IGHM, IGHMBP2, IGHV3-7, IGHV3-9, IGJ, IGKC, IGKV1-5, IGLC3, IL1B, IL1R2, IL1RN, IL8, INHBA, INPP5B, INTS7, ISG15, ITGAX, JHDM1D-AS1, KANK2, KAT5, KIF5C, KIR2DL3, KLC4, KLF6, LEPREL4, LIMS2, LINC00426, LINC01003, LRP2, LRRC24, LRRK2, LSM14B, LST1, LTBP1, LYRM1, LYZ, MAFB, MALAT1, MAP7D2, MAPK8, MAPKBP1, MARK2, MCM3AP-AS1, MCM8, MED18, MFSD11, MIS18BP1, MLH1, MOSPD3, MPDU1, MROH1, MRPS33, MSANTD3, MT-RNR2, MUM1, MYL6B, NAF1, NAGLU, NAPRT1, NAV1, NDEL1, NDRG2, NDUFAF7, NDUFB1, NICN1, NLRP3, NLRX1, NOP2, NPIPB5, NUBP1, NUP160, OPN3, ORAOV1, OSBPL1A, OSBPL5, PABPN1, PARD6A, PARD6G, PBX1, PBX2, PCYOX1L, PDPR, PDXDC2P, PEF1, PELI3, PEX11B, PHF23, PHGDH, PHLDA1, PHLPP2, PIAS2, PICALM, PINK1-AS, PLAUR, PLCL1, PLD1, PMS2, POLB, POMGNT2, PPAN, PPIB, PRKAB2, PRKCQ, PRR3, PSAP, PSAT1, PSMB5, PSTK, PTCHD3P1, PTGDS, PTGS2, PTK2, PYROXD2, RAD17, RB1, RBBP8, RBFA, RGS18, RHCE, RHNO1, RNF126, RNFT2, RNMTL1, ROGDI, RP11-16E18.3, RP11-192H23.7, RP11-25K19.1, RP11-296I10.3, RP11-442H21.2, RP11-47L3.1, RP11-571M6.8, RP11-849H4.4, RP11-894P9.1, RP4-612B15.3, RP5-886K2.3, RPS6, RPUSD4, RRAGA, S100A8, S100A9, SARM1, SCP2, SDC3, SDF2, SELO, SETD5-AS1, SIGMAR1, SIPA1L2, SIT1, SKAP2, SLC16A3, SLC31A1, SLC39A13, SLC3A2, SMIM20, SMN1, SNAPC2, SNAPC5, SNX14, SOCS7, SPHK1, SPOCD1, SPRYD7, SRD5A3, SRGAP2, STAM, SYNJ2BP, TBC1D17, TCAIM, TCEA3, TCF7L2, TCHP, TCL1A, TECPR2, TET3, TGFB3, THADA, THBD, THBS1, TKT, TMCC2, TMEM106A, TMEM168, TMEM229B, TMEM5, TOP1MT, TOR1B, TPRG1, TRAF3IP1, TRAPPC3, TRAPPC6A, TRIM39, TTC12, TTC22, TUBE1, TUBGCP4, TUFT1, TWSG1, TXNDC16, TYK2, UBB, UBE2M, UPF3A, UTP11L, VCAN, VIM, VIPR1, VPS72, VPS9D1, WDR12, WDR37, WDR5B, WRAP73, WRN, XCL2, YEATS2, ZBTB22, ZCCHC18, ZFAND4, ZFP69, ZFYVE1, ZNF140, ZNF174, ZNF182, ZNF226, ZNF251, ZNF274, ZNF513, ZNF544, ZNF561, ZNF565, ZNF575, ZNF587, ZNF618, ZNF641, ZNF799, ZNF92, ZSCAN18, ZW10",0.242188236456281,1841
